reference,query
R020965.jpg,Q00061.jpg
R044970.jpg,Q00324.jpg
R003142.jpg,Q00338.jpg
R007851.jpg,Q00748.jpg
R032607.jpg,Q00814.jpg
R033260.jpg,Q00846.jpg
R014120.jpg,Q00906.jpg
R044290.jpg,Q00911.jpg
R026396.jpg,Q01094.jpg
R021968.jpg,Q01114.jpg
R040062.jpg,Q01139.jpg
R032013.jpg,Q01144.jpg
R010286.jpg,Q01150.jpg
R043984.jpg,Q01200.jpg
R026440.jpg,Q01204.jpg
R047843.jpg,Q01351.jpg
R036921.jpg,Q01467.jpg
R017215.jpg,Q01549.jpg
R043507.jpg,Q01663.jpg
R016653.jpg,Q01752.jpg
R002815.jpg,Q01854.jpg
R017945.jpg,Q01893.jpg
R009770.jpg,Q02033.jpg
R008373.jpg,Q02051.jpg
R028223.jpg,Q02160.jpg
R030372.jpg,Q02275.jpg
R029794.jpg,Q02651.jpg
R040813.jpg,Q02672.jpg
R015696.jpg,Q02840.jpg
R005713.jpg,Q02945.jpg
R046712.jpg,Q03053.jpg
R040535.jpg,Q03158.jpg
R033871.jpg,Q03218.jpg
R023861.jpg,Q03233.jpg
R021774.jpg,Q03273.jpg
R025235.jpg,Q03285.jpg
R038109.jpg,Q03364.jpg
R019268.jpg,Q03440.jpg
R048860.jpg,Q03572.jpg
R048959.jpg,Q03643.jpg
R005527.jpg,Q03854.jpg
R036479.jpg,Q03961.jpg
R038735.jpg,Q04079.jpg
R022514.jpg,Q04111.jpg
R030138.jpg,Q04113.jpg
R032330.jpg,Q04381.jpg
R013853.jpg,Q04414.jpg
R020251.jpg,Q04572.jpg
R002943.jpg,Q04580.jpg
R004613.jpg,Q04602.jpg
R016215.jpg,Q04618.jpg
R033718.jpg,Q04629.jpg
R015986.jpg,Q04872.jpg
R042444.jpg,Q04978.jpg
R010499.jpg,Q05046.jpg
R013756.jpg,Q05306.jpg
R026258.jpg,Q05308.jpg
R013394.jpg,Q05388.jpg
R002092.jpg,Q05562.jpg
R024358.jpg,Q05634.jpg
R007283.jpg,Q05881.jpg
R019908.jpg,Q05925.jpg
R036637.jpg,Q06021.jpg
R017928.jpg,Q06147.jpg
R032575.jpg,Q06214.jpg
R040305.jpg,Q06231.jpg
R045080.jpg,Q06240.jpg
R035974.jpg,Q06246.jpg
R033241.jpg,Q06253.jpg
R033376.jpg,Q06257.jpg
R042210.jpg,Q06313.jpg
R038409.jpg,Q06686.jpg
R006606.jpg,Q06786.jpg
R003935.jpg,Q06835.jpg
R025200.jpg,Q06890.jpg
R030777.jpg,Q06997.jpg
R014159.jpg,Q07059.jpg
R047215.jpg,Q07078.jpg
R048124.jpg,Q07130.jpg
R021055.jpg,Q07180.jpg
R034580.jpg,Q07377.jpg
R028712.jpg,Q07380.jpg
R035985.jpg,Q07423.jpg
R036215.jpg,Q07437.jpg
R002155.jpg,Q07482.jpg
R031316.jpg,Q07791.jpg
R008693.jpg,Q07842.jpg
R004332.jpg,Q07946.jpg
R021605.jpg,Q08111.jpg
R044326.jpg,Q08196.jpg
R040002.jpg,Q08257.jpg
R028782.jpg,Q08299.jpg
R045173.jpg,Q08333.jpg
R003487.jpg,Q08463.jpg
R030393.jpg,Q08488.jpg
R014788.jpg,Q08496.jpg
R020188.jpg,Q08559.jpg
R002133.jpg,Q08571.jpg
R024779.jpg,Q08650.jpg
R042554.jpg,Q08657.jpg
R038214.jpg,Q08675.jpg
R010466.jpg,Q08740.jpg
R020064.jpg,Q08853.jpg
R049233.jpg,Q08950.jpg
R019400.jpg,Q08959.jpg
R004907.jpg,Q09005.jpg
R002688.jpg,Q09037.jpg
R010534.jpg,Q09136.jpg
R006387.jpg,Q09536.jpg
R036558.jpg,Q09663.jpg
R026619.jpg,Q09665.jpg
R045081.jpg,Q09788.jpg
R013314.jpg,Q09847.jpg
R049403.jpg,Q09985.jpg
R049106.jpg,Q10069.jpg
R043608.jpg,Q10280.jpg
R008636.jpg,Q10426.jpg
R000785.jpg,Q10464.jpg
R013069.jpg,Q10610.jpg
R033210.jpg,Q10788.jpg
R033754.jpg,Q10790.jpg
R018750.jpg,Q10858.jpg
R017072.jpg,Q10911.jpg
R034159.jpg,Q10915.jpg
R006346.jpg,Q10998.jpg
R042043.jpg,Q11005.jpg
R017009.jpg,Q11090.jpg
R043282.jpg,Q11117.jpg
R017793.jpg,Q11119.jpg
R024433.jpg,Q11256.jpg
R032478.jpg,Q11315.jpg
R047996.jpg,Q11405.jpg
R001360.jpg,Q11515.jpg
R045384.jpg,Q11621.jpg
R040372.jpg,Q11730.jpg
R014474.jpg,Q11784.jpg
R032662.jpg,Q11877.jpg
R021358.jpg,Q11941.jpg
R007222.jpg,Q12033.jpg
R010596.jpg,Q12053.jpg
R045797.jpg,Q12058.jpg
R033081.jpg,Q12079.jpg
R046729.jpg,Q12218.jpg
R000172.jpg,Q12405.jpg
R029605.jpg,Q12458.jpg
R029532.jpg,Q12509.jpg
R014770.jpg,Q12667.jpg
R011715.jpg,Q12905.jpg
R047833.jpg,Q12994.jpg
R006975.jpg,Q13209.jpg
R029222.jpg,Q13238.jpg
R032433.jpg,Q13264.jpg
R037774.jpg,Q13316.jpg
R047974.jpg,Q13348.jpg
R031320.jpg,Q13382.jpg
R035218.jpg,Q13385.jpg
R005324.jpg,Q13392.jpg
R035753.jpg,Q13532.jpg
R016435.jpg,Q13759.jpg
R048801.jpg,Q13876.jpg
R040288.jpg,Q14036.jpg
R013518.jpg,Q14078.jpg
R039612.jpg,Q14109.jpg
R031262.jpg,Q14352.jpg
R014524.jpg,Q14409.jpg
R030362.jpg,Q14468.jpg
R032077.jpg,Q14483.jpg
R036060.jpg,Q14488.jpg
R028361.jpg,Q14569.jpg
R049642.jpg,Q14722.jpg
R027354.jpg,Q14726.jpg
R014287.jpg,Q14732.jpg
R038107.jpg,Q14809.jpg
R024625.jpg,Q14921.jpg
R042555.jpg,Q15019.jpg
R000396.jpg,Q15304.jpg
R007037.jpg,Q15599.jpg
R016110.jpg,Q15647.jpg
R003736.jpg,Q15744.jpg
R034254.jpg,Q15761.jpg
R029478.jpg,Q15842.jpg
R001075.jpg,Q16067.jpg
R008851.jpg,Q16114.jpg
R042532.jpg,Q16138.jpg
R037288.jpg,Q16372.jpg
R025375.jpg,Q16515.jpg
R045044.jpg,Q16593.jpg
R044393.jpg,Q16646.jpg
R013766.jpg,Q16654.jpg
R002963.jpg,Q16680.jpg
R037277.jpg,Q16907.jpg
R027496.jpg,Q16914.jpg
R007938.jpg,Q16956.jpg
R007477.jpg,Q17096.jpg
R015260.jpg,Q17202.jpg
R013802.jpg,Q17276.jpg
R012653.jpg,Q17281.jpg
R018607.jpg,Q17716.jpg
R027382.jpg,Q17898.jpg
R013815.jpg,Q17943.jpg
R039454.jpg,Q17976.jpg
R012805.jpg,Q18015.jpg
R036825.jpg,Q18020.jpg
R019829.jpg,Q18274.jpg
R014220.jpg,Q18357.jpg
R043621.jpg,Q18479.jpg
R031096.jpg,Q18595.jpg
R043293.jpg,Q18687.jpg
R042516.jpg,Q19053.jpg
R007137.jpg,Q19485.jpg
R011487.jpg,Q19829.jpg
R027234.jpg,Q19962.jpg
R041942.jpg,Q20109.jpg
R042857.jpg,Q20388.jpg
R006466.jpg,Q20492.jpg
R033570.jpg,Q20541.jpg
R041535.jpg,Q20586.jpg
R013801.jpg,Q20604.jpg
R029779.jpg,Q20722.jpg
R013266.jpg,Q20831.jpg
R024270.jpg,Q20885.jpg
R039627.jpg,Q20920.jpg
R005994.jpg,Q20927.jpg
R031975.jpg,Q21054.jpg
R015862.jpg,Q21060.jpg
R047768.jpg,Q21070.jpg
R005068.jpg,Q21250.jpg
R043967.jpg,Q21274.jpg
R009516.jpg,Q21413.jpg
R049071.jpg,Q21632.jpg
R040789.jpg,Q21760.jpg
R010049.jpg,Q21795.jpg
R034624.jpg,Q21815.jpg
R029787.jpg,Q21828.jpg
R022135.jpg,Q21995.jpg
R027484.jpg,Q22020.jpg
R017662.jpg,Q22118.jpg
R004491.jpg,Q22269.jpg
R009214.jpg,Q22299.jpg
R001748.jpg,Q22411.jpg
R042339.jpg,Q22533.jpg
R003916.jpg,Q22728.jpg
R012461.jpg,Q22813.jpg
R044205.jpg,Q23004.jpg
R006697.jpg,Q23016.jpg
R037812.jpg,Q23063.jpg
R025285.jpg,Q23293.jpg
R012140.jpg,Q23329.jpg
R023401.jpg,Q23488.jpg
R014678.jpg,Q23649.jpg
R000076.jpg,Q23735.jpg
R039335.jpg,Q23823.jpg
R004287.jpg,Q24008.jpg
R048322.jpg,Q24034.jpg
R000849.jpg,Q24145.jpg
R013803.jpg,Q24252.jpg
R048208.jpg,Q24387.jpg
R002687.jpg,Q24436.jpg
R007460.jpg,Q24551.jpg
R010047.jpg,Q24813.jpg
R000045.jpg,Q24837.jpg
R043792.jpg,Q24978.jpg
R005223.jpg,Q25191.jpg
R016654.jpg,Q25224.jpg
R047930.jpg,Q25247.jpg
R021737.jpg,Q25250.jpg
R019809.jpg,Q25280.jpg
R012855.jpg,Q25352.jpg
R029484.jpg,Q25427.jpg
R029018.jpg,Q25641.jpg
R006185.jpg,Q25681.jpg
R031188.jpg,Q25747.jpg
R046413.jpg,Q25761.jpg
R012367.jpg,Q25829.jpg
R043685.jpg,Q25856.jpg
R008989.jpg,Q25898.jpg
R005747.jpg,Q26132.jpg
R026076.jpg,Q26182.jpg
R023956.jpg,Q26270.jpg
R024882.jpg,Q26482.jpg
R030849.jpg,Q26526.jpg
R040380.jpg,Q26536.jpg
R010804.jpg,Q26560.jpg
R028580.jpg,Q26645.jpg
R023983.jpg,Q27288.jpg
R045955.jpg,Q27346.jpg
R027805.jpg,Q27356.jpg
R025835.jpg,Q27365.jpg
R012077.jpg,Q27378.jpg
R036888.jpg,Q27472.jpg
R044125.jpg,Q27549.jpg
R019979.jpg,Q27556.jpg
R004882.jpg,Q27561.jpg
R012046.jpg,Q27651.jpg
R030419.jpg,Q27658.jpg
R006575.jpg,Q27775.jpg
R035758.jpg,Q27806.jpg
R019007.jpg,Q27858.jpg
R013910.jpg,Q27901.jpg
R029698.jpg,Q27916.jpg
R021308.jpg,Q28035.jpg
R049276.jpg,Q28079.jpg
R039538.jpg,Q28129.jpg
R015546.jpg,Q28179.jpg
R017576.jpg,Q28186.jpg
R048560.jpg,Q28214.jpg
R046748.jpg,Q28255.jpg
R036569.jpg,Q28280.jpg
R002499.jpg,Q28374.jpg
R025870.jpg,Q28899.jpg
R026140.jpg,Q28925.jpg
R027597.jpg,Q28945.jpg
R008712.jpg,Q28955.jpg
R032819.jpg,Q29120.jpg
R043873.jpg,Q29254.jpg
R013681.jpg,Q29419.jpg
R019377.jpg,Q29504.jpg
R013634.jpg,Q29819.jpg
R015641.jpg,Q29845.jpg
R035272.jpg,Q29847.jpg
R016659.jpg,Q29993.jpg
R031016.jpg,Q30024.jpg
R017352.jpg,Q30030.jpg
R021157.jpg,Q30051.jpg
R006384.jpg,Q30152.jpg
R031255.jpg,Q30396.jpg
R023898.jpg,Q30514.jpg
R008697.jpg,Q30615.jpg
R011248.jpg,Q30904.jpg
R000761.jpg,Q31019.jpg
R022448.jpg,Q31061.jpg
R045726.jpg,Q31245.jpg
R024974.jpg,Q31393.jpg
R031838.jpg,Q31515.jpg
R009784.jpg,Q31528.jpg
R038600.jpg,Q31549.jpg
R039329.jpg,Q31585.jpg
R021176.jpg,Q31713.jpg
R034139.jpg,Q31732.jpg
R043394.jpg,Q31791.jpg
R001553.jpg,Q31899.jpg
R002283.jpg,Q31934.jpg
R048199.jpg,Q32134.jpg
R043761.jpg,Q32449.jpg
R049574.jpg,Q32502.jpg
R035890.jpg,Q32663.jpg
R010039.jpg,Q32679.jpg
R030228.jpg,Q32728.jpg
R024425.jpg,Q32790.jpg
R010140.jpg,Q32945.jpg
R010719.jpg,Q32970.jpg
R006103.jpg,Q33160.jpg
R041471.jpg,Q33169.jpg
R049338.jpg,Q33281.jpg
R042393.jpg,Q33407.jpg
R013319.jpg,Q33536.jpg
R041640.jpg,Q33567.jpg
R035367.jpg,Q33725.jpg
R008540.jpg,Q33767.jpg
R012460.jpg,Q33961.jpg
R041215.jpg,Q34035.jpg
R037582.jpg,Q34091.jpg
R010119.jpg,Q34236.jpg
R049391.jpg,Q34312.jpg
R023089.jpg,Q34542.jpg
R010702.jpg,Q34629.jpg
R033038.jpg,Q34681.jpg
R017988.jpg,Q34935.jpg
R003338.jpg,Q35067.jpg
R049119.jpg,Q35110.jpg
R014964.jpg,Q35138.jpg
R004635.jpg,Q35225.jpg
R042133.jpg,Q35285.jpg
R014100.jpg,Q35352.jpg
R010673.jpg,Q35383.jpg
R001746.jpg,Q35466.jpg
R047919.jpg,Q35474.jpg
R049492.jpg,Q35698.jpg
R037590.jpg,Q35710.jpg
R027867.jpg,Q35712.jpg
R020951.jpg,Q35735.jpg
R032962.jpg,Q35782.jpg
R042539.jpg,Q35997.jpg
R021167.jpg,Q36033.jpg
R035388.jpg,Q36166.jpg
R035426.jpg,Q36209.jpg
R021703.jpg,Q36498.jpg
R007377.jpg,Q36557.jpg
R036007.jpg,Q36892.jpg
R018511.jpg,Q36940.jpg
R020897.jpg,Q36962.jpg
R028058.jpg,Q37085.jpg
R031146.jpg,Q37121.jpg
R013843.jpg,Q37158.jpg
R007744.jpg,Q37220.jpg
R048326.jpg,Q37285.jpg
R030216.jpg,Q37433.jpg
R022690.jpg,Q37489.jpg
R014304.jpg,Q37704.jpg
R028900.jpg,Q37806.jpg
R040079.jpg,Q38498.jpg
R049100.jpg,Q38590.jpg
R018813.jpg,Q38713.jpg
R004413.jpg,Q38751.jpg
R011477.jpg,Q38752.jpg
R028037.jpg,Q38818.jpg
R049598.jpg,Q38881.jpg
R026308.jpg,Q38903.jpg
R030622.jpg,Q38946.jpg
R022362.jpg,Q38953.jpg
R026432.jpg,Q38972.jpg
R033172.jpg,Q39131.jpg
R014030.jpg,Q39177.jpg
R015916.jpg,Q39353.jpg
R032922.jpg,Q39525.jpg
R048909.jpg,Q39779.jpg
R047135.jpg,Q39796.jpg
R022461.jpg,Q39862.jpg
R035917.jpg,Q40055.jpg
R045611.jpg,Q40099.jpg
R036813.jpg,Q40213.jpg
R047861.jpg,Q40265.jpg
R032515.jpg,Q40274.jpg
R010112.jpg,Q40465.jpg
R005192.jpg,Q40671.jpg
R026269.jpg,Q40757.jpg
R028749.jpg,Q40830.jpg
R028287.jpg,Q40904.jpg
R022743.jpg,Q41027.jpg
R005951.jpg,Q41053.jpg
R027004.jpg,Q41089.jpg
R028501.jpg,Q41104.jpg
R045089.jpg,Q41235.jpg
R015692.jpg,Q41266.jpg
R030753.jpg,Q41309.jpg
R035679.jpg,Q41493.jpg
R034747.jpg,Q41505.jpg
R008367.jpg,Q41518.jpg
R010266.jpg,Q41853.jpg
R020770.jpg,Q41857.jpg
R003067.jpg,Q41890.jpg
R022028.jpg,Q41963.jpg
R036548.jpg,Q41984.jpg
R032091.jpg,Q42027.jpg
R010660.jpg,Q42116.jpg
R008329.jpg,Q42164.jpg
R048097.jpg,Q42179.jpg
R046925.jpg,Q42233.jpg
R038286.jpg,Q42369.jpg
R023167.jpg,Q42382.jpg
R016334.jpg,Q42497.jpg
R039421.jpg,Q42782.jpg
R003082.jpg,Q42875.jpg
R049056.jpg,Q42883.jpg
R026608.jpg,Q43014.jpg
R003560.jpg,Q43188.jpg
R002899.jpg,Q43190.jpg
R027290.jpg,Q43436.jpg
R003301.jpg,Q43570.jpg
R016023.jpg,Q43592.jpg
R005388.jpg,Q43764.jpg
R009137.jpg,Q43816.jpg
R024739.jpg,Q43931.jpg
R001255.jpg,Q43978.jpg
R023879.jpg,Q43994.jpg
R044474.jpg,Q44027.jpg
R034250.jpg,Q44272.jpg
R029976.jpg,Q44295.jpg
R021479.jpg,Q44380.jpg
R045250.jpg,Q44526.jpg
R038838.jpg,Q44604.jpg
R016291.jpg,Q44873.jpg
R000643.jpg,Q45090.jpg
R032455.jpg,Q45092.jpg
R023797.jpg,Q45298.jpg
R017057.jpg,Q45318.jpg
R026374.jpg,Q45353.jpg
R028365.jpg,Q45669.jpg
R002361.jpg,Q45723.jpg
R006542.jpg,Q45787.jpg
R023798.jpg,Q45797.jpg
R021878.jpg,Q45798.jpg
R026837.jpg,Q45804.jpg
R008941.jpg,Q45816.jpg
R045828.jpg,Q45848.jpg
R037591.jpg,Q45862.jpg
R010938.jpg,Q45927.jpg
R040606.jpg,Q46047.jpg
R021124.jpg,Q46118.jpg
R016729.jpg,Q46154.jpg
R040218.jpg,Q46302.jpg
R044549.jpg,Q46337.jpg
R042032.jpg,Q46616.jpg
R001269.jpg,Q46811.jpg
R028292.jpg,Q47025.jpg
R009787.jpg,Q47219.jpg
R016776.jpg,Q47298.jpg
R033062.jpg,Q47303.jpg
R020511.jpg,Q47396.jpg
R036259.jpg,Q47591.jpg
R028842.jpg,Q47665.jpg
R012294.jpg,Q47667.jpg
R022427.jpg,Q47688.jpg
R015668.jpg,Q47708.jpg
R041989.jpg,Q47724.jpg
R021764.jpg,Q47855.jpg
R027705.jpg,Q47857.jpg
R016641.jpg,Q47885.jpg
R016774.jpg,Q48110.jpg
R025640.jpg,Q48167.jpg
R026672.jpg,Q48393.jpg
R036639.jpg,Q48394.jpg
R007498.jpg,Q48600.jpg
R049927.jpg,Q48755.jpg
R014977.jpg,Q48861.jpg
R023436.jpg,Q48948.jpg
R009154.jpg,Q48984.jpg
R046328.jpg,Q49004.jpg
R019758.jpg,Q49007.jpg
R022390.jpg,Q49077.jpg
R032038.jpg,Q49112.jpg
R015028.jpg,Q49190.jpg
R000005.jpg,Q49293.jpg
R009714.jpg,Q49347.jpg
R017815.jpg,Q49418.jpg
R022861.jpg,Q49464.jpg
R003942.jpg,Q49873.jpg
R025570.jpg,Q49947.jpg
R002336.jpg,Q49992.jpg
R003513.jpg,Q50060.jpg
R029638.jpg,Q50095.jpg
R038042.jpg,Q50186.jpg
R040485.jpg,Q50229.jpg
R037975.jpg,Q50386.jpg
R036121.jpg,Q50469.jpg
R038543.jpg,Q50699.jpg
R045509.jpg,Q50797.jpg
R018328.jpg,Q50845.jpg
R042163.jpg,Q50884.jpg
R049903.jpg,Q51102.jpg
R024445.jpg,Q51121.jpg
R023609.jpg,Q51175.jpg
R021292.jpg,Q51427.jpg
R008569.jpg,Q51481.jpg
R036095.jpg,Q51579.jpg
R034896.jpg,Q51613.jpg
R012389.jpg,Q51725.jpg
R048825.jpg,Q51760.jpg
R005216.jpg,Q51793.jpg
R022675.jpg,Q51831.jpg
R003682.jpg,Q52043.jpg
R010005.jpg,Q52223.jpg
R041312.jpg,Q52348.jpg
R048505.jpg,Q52353.jpg
R031479.jpg,Q52443.jpg
R046140.jpg,Q52457.jpg
R000260.jpg,Q52579.jpg
R013642.jpg,Q52619.jpg
R025854.jpg,Q52629.jpg
R041520.jpg,Q52785.jpg
R022102.jpg,Q52935.jpg
R017910.jpg,Q52942.jpg
R009151.jpg,Q53015.jpg
R023323.jpg,Q53032.jpg
R002239.jpg,Q53154.jpg
R019469.jpg,Q53328.jpg
R033756.jpg,Q53368.jpg
R018459.jpg,Q53504.jpg
R019102.jpg,Q53627.jpg
R009200.jpg,Q53816.jpg
R020786.jpg,Q53931.jpg
R040053.jpg,Q54043.jpg
R037570.jpg,Q54405.jpg
R035897.jpg,Q54848.jpg
R021474.jpg,Q54918.jpg
R022477.jpg,Q55124.jpg
R033315.jpg,Q55250.jpg
R024203.jpg,Q55439.jpg
R007393.jpg,Q55681.jpg
R042169.jpg,Q55752.jpg
R001619.jpg,Q55788.jpg
R049934.jpg,Q55791.jpg
R016982.jpg,Q55838.jpg
R044128.jpg,Q56115.jpg
R026459.jpg,Q56198.jpg
R002067.jpg,Q56393.jpg
R015775.jpg,Q56465.jpg
R035954.jpg,Q56652.jpg
R010019.jpg,Q56888.jpg
R043675.jpg,Q56961.jpg
R007288.jpg,Q57104.jpg
R029999.jpg,Q57205.jpg
R046070.jpg,Q57364.jpg
R039480.jpg,Q57367.jpg
R040337.jpg,Q57445.jpg
R032197.jpg,Q57557.jpg
R011064.jpg,Q57592.jpg
R008009.jpg,Q57672.jpg
R016498.jpg,Q57734.jpg
R012628.jpg,Q57834.jpg
R002101.jpg,Q57944.jpg
R004761.jpg,Q57964.jpg
R032624.jpg,Q58081.jpg
R035118.jpg,Q58395.jpg
R026088.jpg,Q58429.jpg
R004032.jpg,Q58438.jpg
R033891.jpg,Q58444.jpg
R001044.jpg,Q58452.jpg
R030059.jpg,Q58591.jpg
R041675.jpg,Q58596.jpg
R031501.jpg,Q58786.jpg
R008832.jpg,Q58809.jpg
R024680.jpg,Q58812.jpg
R009460.jpg,Q58920.jpg
R012706.jpg,Q58922.jpg
R023899.jpg,Q58932.jpg
R027306.jpg,Q58978.jpg
R031982.jpg,Q59045.jpg
R013522.jpg,Q59097.jpg
R022779.jpg,Q59224.jpg
R017182.jpg,Q59266.jpg
R039555.jpg,Q59379.jpg
R041789.jpg,Q59439.jpg
R045759.jpg,Q59535.jpg
R026252.jpg,Q59782.jpg
R012180.jpg,Q59796.jpg
R038720.jpg,Q59863.jpg
R032047.jpg,Q59904.jpg
R040165.jpg,Q59912.jpg
R004081.jpg,Q60014.jpg
R000301.jpg,Q60056.jpg
R002210.jpg,Q60084.jpg
R042713.jpg,Q60128.jpg
R012592.jpg,Q60227.jpg
R001105.jpg,Q60369.jpg
R011716.jpg,Q60485.jpg
R015608.jpg,Q60894.jpg
R031340.jpg,Q60919.jpg
R017375.jpg,Q60991.jpg
R012080.jpg,Q61003.jpg
R027674.jpg,Q61154.jpg
R028932.jpg,Q61374.jpg
R029164.jpg,Q61416.jpg
R045711.jpg,Q61499.jpg
R020384.jpg,Q61613.jpg
R013385.jpg,Q61779.jpg
R039459.jpg,Q61916.jpg
R034001.jpg,Q62009.jpg
R005860.jpg,Q62113.jpg
R004251.jpg,Q62135.jpg
R037222.jpg,Q62159.jpg
R010773.jpg,Q62293.jpg
R001270.jpg,Q62332.jpg
R035609.jpg,Q62408.jpg
R015570.jpg,Q62634.jpg
R024010.jpg,Q62913.jpg
R037453.jpg,Q62930.jpg
R006287.jpg,Q62940.jpg
R001433.jpg,Q63010.jpg
R043890.jpg,Q63053.jpg
R039596.jpg,Q63524.jpg
R036949.jpg,Q63550.jpg
R041754.jpg,Q63579.jpg
R002034.jpg,Q63657.jpg
R023481.jpg,Q63659.jpg
R045952.jpg,Q63721.jpg
R002586.jpg,Q63820.jpg
R032634.jpg,Q63841.jpg
R001982.jpg,Q63924.jpg
R044763.jpg,Q64087.jpg
R031393.jpg,Q64117.jpg
R012738.jpg,Q64224.jpg
R034261.jpg,Q64264.jpg
R014915.jpg,Q64277.jpg
R045893.jpg,Q64541.jpg
R038576.jpg,Q64611.jpg
R042499.jpg,Q64675.jpg
R046224.jpg,Q64716.jpg
R002887.jpg,Q64937.jpg
R007235.jpg,Q65559.jpg
R002163.jpg,Q65753.jpg
R005851.jpg,Q65790.jpg
R049546.jpg,Q66195.jpg
R021077.jpg,Q66228.jpg
R037665.jpg,Q66242.jpg
R014877.jpg,Q66253.jpg
R042853.jpg,Q66324.jpg
R000427.jpg,Q66374.jpg
R042345.jpg,Q66437.jpg
R017309.jpg,Q66508.jpg
R007502.jpg,Q66551.jpg
R015743.jpg,Q66746.jpg
R040761.jpg,Q66772.jpg
R032773.jpg,Q66801.jpg
R006583.jpg,Q66856.jpg
R015905.jpg,Q66917.jpg
R036686.jpg,Q67030.jpg
R038559.jpg,Q67070.jpg
R036814.jpg,Q67120.jpg
R042994.jpg,Q67142.jpg
R029527.jpg,Q67149.jpg
R003914.jpg,Q67223.jpg
R025830.jpg,Q67352.jpg
R014628.jpg,Q67363.jpg
R002323.jpg,Q67398.jpg
R028001.jpg,Q67455.jpg
R002709.jpg,Q67461.jpg
R043099.jpg,Q67490.jpg
R014191.jpg,Q67587.jpg
R024385.jpg,Q67749.jpg
R031630.jpg,Q67829.jpg
R004482.jpg,Q67938.jpg
R012036.jpg,Q67997.jpg
R048682.jpg,Q68026.jpg
R014122.jpg,Q68273.jpg
R010084.jpg,Q68481.jpg
R029550.jpg,Q68530.jpg
R001860.jpg,Q68533.jpg
R039236.jpg,Q68569.jpg
R044207.jpg,Q68611.jpg
R018210.jpg,Q68689.jpg
R042626.jpg,Q68818.jpg
R027874.jpg,Q68917.jpg
R016921.jpg,Q68987.jpg
R046404.jpg,Q69044.jpg
R027381.jpg,Q69047.jpg
R023564.jpg,Q69072.jpg
R046458.jpg,Q69412.jpg
R000789.jpg,Q69460.jpg
R046236.jpg,Q69581.jpg
R046104.jpg,Q69629.jpg
R042414.jpg,Q69891.jpg
R035613.jpg,Q69894.jpg
R004131.jpg,Q69968.jpg
R042099.jpg,Q69978.jpg
R021318.jpg,Q70017.jpg
R007066.jpg,Q70029.jpg
R044451.jpg,Q70277.jpg
R038406.jpg,Q70383.jpg
R021869.jpg,Q70585.jpg
R036780.jpg,Q70614.jpg
R004539.jpg,Q70676.jpg
R034899.jpg,Q71069.jpg
R037356.jpg,Q71083.jpg
R012032.jpg,Q71307.jpg
R024128.jpg,Q71734.jpg
R024890.jpg,Q71838.jpg
R024975.jpg,Q71855.jpg
R042790.jpg,Q71953.jpg
R027175.jpg,Q71979.jpg
R010483.jpg,Q72104.jpg
R010025.jpg,Q72241.jpg
R008722.jpg,Q72430.jpg
R005850.jpg,Q72623.jpg
R028310.jpg,Q72783.jpg
R045389.jpg,Q72821.jpg
R012993.jpg,Q72844.jpg
R029194.jpg,Q72899.jpg
R014700.jpg,Q72931.jpg
R049940.jpg,Q73010.jpg
R048790.jpg,Q73143.jpg
R023656.jpg,Q73145.jpg
R004983.jpg,Q73160.jpg
R000039.jpg,Q73296.jpg
R009776.jpg,Q73327.jpg
R041915.jpg,Q73835.jpg
R045836.jpg,Q73861.jpg
R028282.jpg,Q73938.jpg
R040529.jpg,Q74001.jpg
R034614.jpg,Q74039.jpg
R049930.jpg,Q74137.jpg
R001984.jpg,Q74366.jpg
R033610.jpg,Q74442.jpg
R049624.jpg,Q74450.jpg
R007548.jpg,Q74516.jpg
R022949.jpg,Q74549.jpg
R005370.jpg,Q74596.jpg
R036288.jpg,Q74858.jpg
R000000.jpg,Q74871.jpg
R036055.jpg,Q74979.jpg
R047923.jpg,Q75241.jpg
R021146.jpg,Q75286.jpg
R023827.jpg,Q75320.jpg
R015605.jpg,Q75329.jpg
R038644.jpg,Q75725.jpg
R043924.jpg,Q75835.jpg
R021012.jpg,Q76103.jpg
R033686.jpg,Q76280.jpg
R020242.jpg,Q76319.jpg
R048668.jpg,Q76395.jpg
R046550.jpg,Q76418.jpg
R023515.jpg,Q76553.jpg
R001357.jpg,Q76583.jpg
R027011.jpg,Q76597.jpg
R018071.jpg,Q76860.jpg
R035999.jpg,Q77157.jpg
R011012.jpg,Q77427.jpg
R003375.jpg,Q77441.jpg
R026970.jpg,Q77450.jpg
R037175.jpg,Q77455.jpg
R015804.jpg,Q77530.jpg
R026025.jpg,Q77561.jpg
R017982.jpg,Q77823.jpg
R049559.jpg,Q77825.jpg
R047351.jpg,Q77905.jpg
R044033.jpg,Q78034.jpg
R005245.jpg,Q78080.jpg
R038640.jpg,Q78171.jpg
R009745.jpg,Q78216.jpg
R027913.jpg,Q78377.jpg
R007347.jpg,Q78419.jpg
R024805.jpg,Q78481.jpg
R003150.jpg,Q78880.jpg
R043860.jpg,Q78892.jpg
R004261.jpg,Q79068.jpg
R003259.jpg,Q79225.jpg
R037416.jpg,Q79255.jpg
R041509.jpg,Q79339.jpg
R049674.jpg,Q79346.jpg
R001369.jpg,Q79451.jpg
R021681.jpg,Q79719.jpg
R022504.jpg,Q79739.jpg
R044902.jpg,Q79896.jpg
R015366.jpg,Q79901.jpg
R032716.jpg,Q79930.jpg
R039477.jpg,Q79950.jpg
R014190.jpg,Q79975.jpg
R004979.jpg,Q80036.jpg
R029979.jpg,Q80102.jpg
R010885.jpg,Q80272.jpg
R002224.jpg,Q80394.jpg
R049501.jpg,Q80409.jpg
R038422.jpg,Q80643.jpg
R031824.jpg,Q80665.jpg
R002216.jpg,Q80670.jpg
R015503.jpg,Q80919.jpg
R026620.jpg,Q80924.jpg
R017053.jpg,Q81033.jpg
R040498.jpg,Q81036.jpg
R040052.jpg,Q81155.jpg
R028724.jpg,Q81240.jpg
R025615.jpg,Q81335.jpg
R039561.jpg,Q81804.jpg
R002643.jpg,Q82011.jpg
R001729.jpg,Q82046.jpg
R002724.jpg,Q82327.jpg
R030780.jpg,Q82331.jpg
R001402.jpg,Q82407.jpg
R047216.jpg,Q82477.jpg
R045317.jpg,Q82621.jpg
R016425.jpg,Q82628.jpg
R013335.jpg,Q82714.jpg
R027936.jpg,Q82972.jpg
R002348.jpg,Q83042.jpg
R009193.jpg,Q83097.jpg
R002816.jpg,Q83160.jpg
R011914.jpg,Q83179.jpg
R036114.jpg,Q83191.jpg
R024362.jpg,Q83325.jpg
R011011.jpg,Q83414.jpg
R020412.jpg,Q83468.jpg
R026541.jpg,Q83520.jpg
R027383.jpg,Q83542.jpg
R042844.jpg,Q83845.jpg
R030186.jpg,Q83885.jpg
R032825.jpg,Q84006.jpg
R016974.jpg,Q84073.jpg
R024395.jpg,Q84130.jpg
R012302.jpg,Q84142.jpg
R011038.jpg,Q84207.jpg
R038376.jpg,Q84379.jpg
R009968.jpg,Q84551.jpg
R014712.jpg,Q84740.jpg
R017517.jpg,Q84744.jpg
R039340.jpg,Q84750.jpg
R024905.jpg,Q84885.jpg
R039982.jpg,Q84998.jpg
R001702.jpg,Q85001.jpg
R010133.jpg,Q85006.jpg
R023243.jpg,Q85040.jpg
R015100.jpg,Q85387.jpg
R030188.jpg,Q85438.jpg
R006536.jpg,Q85543.jpg
R013281.jpg,Q85626.jpg
R005184.jpg,Q85662.jpg
R030425.jpg,Q85675.jpg
R036237.jpg,Q85688.jpg
R009359.jpg,Q85702.jpg
R027735.jpg,Q85720.jpg
R043564.jpg,Q86075.jpg
R047522.jpg,Q86192.jpg
R049482.jpg,Q86200.jpg
R047465.jpg,Q86219.jpg
R033398.jpg,Q86276.jpg
R009494.jpg,Q86296.jpg
R015195.jpg,Q86304.jpg
R035029.jpg,Q86376.jpg
R034929.jpg,Q86400.jpg
R027348.jpg,Q86448.jpg
R005480.jpg,Q86794.jpg
R015023.jpg,Q86808.jpg
R012960.jpg,Q86979.jpg
R029416.jpg,Q87002.jpg
R037954.jpg,Q87193.jpg
R028067.jpg,Q87203.jpg
R010610.jpg,Q87282.jpg
R021049.jpg,Q87626.jpg
R006153.jpg,Q87993.jpg
R014433.jpg,Q88022.jpg
R036538.jpg,Q88084.jpg
R045622.jpg,Q88099.jpg
R016842.jpg,Q88150.jpg
R027327.jpg,Q88179.jpg
R017769.jpg,Q88256.jpg
R005146.jpg,Q88291.jpg
R001166.jpg,Q88317.jpg
R025873.jpg,Q88484.jpg
R044913.jpg,Q88626.jpg
R037080.jpg,Q88930.jpg
R014769.jpg,Q89149.jpg
R038410.jpg,Q89201.jpg
R023868.jpg,Q89254.jpg
R010308.jpg,Q89337.jpg
R049395.jpg,Q89419.jpg
R027292.jpg,Q89422.jpg
R028563.jpg,Q89432.jpg
R005760.jpg,Q89494.jpg
R005179.jpg,Q89689.jpg
R014843.jpg,Q89690.jpg
R018082.jpg,Q89769.jpg
R018428.jpg,Q89934.jpg
R010999.jpg,Q89945.jpg
R002824.jpg,Q90145.jpg
R037163.jpg,Q90402.jpg
R047261.jpg,Q90458.jpg
R035173.jpg,Q90472.jpg
R003715.jpg,Q90555.jpg
R007410.jpg,Q90620.jpg
R040729.jpg,Q90899.jpg
R032809.jpg,Q90954.jpg
R030136.jpg,Q90955.jpg
R047527.jpg,Q90957.jpg
R007056.jpg,Q91045.jpg
R039407.jpg,Q91093.jpg
R003036.jpg,Q91104.jpg
R014784.jpg,Q91362.jpg
R010400.jpg,Q91364.jpg
R049386.jpg,Q91459.jpg
R008397.jpg,Q91686.jpg
R012711.jpg,Q91750.jpg
R042294.jpg,Q91850.jpg
R045380.jpg,Q92018.jpg
R013106.jpg,Q92055.jpg
R018298.jpg,Q92150.jpg
R034610.jpg,Q92331.jpg
R032851.jpg,Q92346.jpg
R032055.jpg,Q92477.jpg
R026940.jpg,Q92742.jpg
R000977.jpg,Q92880.jpg
R029910.jpg,Q92925.jpg
R045009.jpg,Q92987.jpg
R024491.jpg,Q93201.jpg
R022720.jpg,Q93301.jpg
R010946.jpg,Q93336.jpg
R021306.jpg,Q93399.jpg
R026978.jpg,Q93408.jpg
R047068.jpg,Q93551.jpg
R016448.jpg,Q93882.jpg
R009657.jpg,Q94058.jpg
R001503.jpg,Q94098.jpg
R044697.jpg,Q94239.jpg
R000932.jpg,Q94263.jpg
R016666.jpg,Q94353.jpg
R007269.jpg,Q94517.jpg
R012771.jpg,Q94565.jpg
R017219.jpg,Q94627.jpg
R036442.jpg,Q94732.jpg
R035160.jpg,Q94916.jpg
R013525.jpg,Q95006.jpg
R030566.jpg,Q95117.jpg
R016271.jpg,Q95274.jpg
R039884.jpg,Q95290.jpg
R015732.jpg,Q95601.jpg
R013307.jpg,Q95607.jpg
R014309.jpg,Q95639.jpg
R021760.jpg,Q95765.jpg
R039225.jpg,Q95768.jpg
R006172.jpg,Q95798.jpg
R013196.jpg,Q95881.jpg
R027436.jpg,Q95903.jpg
R025075.jpg,Q96220.jpg
R028806.jpg,Q96342.jpg
R032592.jpg,Q96392.jpg
R017157.jpg,Q96407.jpg
R048695.jpg,Q96439.jpg
R045988.jpg,Q96535.jpg
R021705.jpg,Q96598.jpg
R049722.jpg,Q96866.jpg
R023510.jpg,Q96891.jpg
R013834.jpg,Q96950.jpg
R027441.jpg,Q97107.jpg
R000736.jpg,Q97395.jpg
R014378.jpg,Q97440.jpg
R014106.jpg,Q97804.jpg
R017684.jpg,Q97882.jpg
R048805.jpg,Q97997.jpg
R046171.jpg,Q98047.jpg
R045322.jpg,Q98126.jpg
R031739.jpg,Q98498.jpg
R001561.jpg,Q98513.jpg
R008875.jpg,Q98663.jpg
R031599.jpg,Q98796.jpg
R046821.jpg,Q98829.jpg
R031795.jpg,Q98835.jpg
R032133.jpg,Q98934.jpg
R011919.jpg,Q98989.jpg
R043209.jpg,Q99185.jpg
R019363.jpg,Q99215.jpg
R020619.jpg,Q99234.jpg
R007870.jpg,Q99309.jpg
R001559.jpg,Q99313.jpg
R015591.jpg,Q99375.jpg
R031020.jpg,Q99396.jpg
R007047.jpg,Q99507.jpg
R030731.jpg,Q99525.jpg
R043554.jpg,Q99538.jpg
R034725.jpg,Q99763.jpg
R044043.jpg,Q99915.jpg
R017071.jpg,Q99999.jpg
