Query,Reference,hamming_distance,similarity
Q00061.jpg,R020965.jpg,64,0.000
Q00324.jpg,R044970.jpg,7,0.891
Q00338.jpg,R003142.jpg,14,0.781
Q00748.jpg,R007851.jpg,16,0.750
Q00814.jpg,R032607.jpg,8,0.875
Q00846.jpg,R033260.jpg,16,0.750
Q00906.jpg,R014120.jpg,22,0.656
Q00911.jpg,R044290.jpg,10,0.844
Q01094.jpg,R026396.jpg,64,0.000
Q01114.jpg,R021968.jpg,32,0.500
Q01139.jpg,R040062.jpg,26,0.594
Q01144.jpg,R032013.jpg,13,0.797
Q01150.jpg,R010286.jpg,4,0.938
Q01200.jpg,R043984.jpg,12,0.812
Q01204.jpg,R026440.jpg,32,0.500
Q01351.jpg,R047843.jpg,22,0.656
Q01467.jpg,R036921.jpg,64,0.000
Q01549.jpg,R017215.jpg,11,0.828
Q01663.jpg,R043507.jpg,16,0.750
Q01752.jpg,R016653.jpg,19,0.703
Q01854.jpg,R002815.jpg,13,0.797
Q01893.jpg,R017945.jpg,64,0.000
Q02033.jpg,R009770.jpg,14,0.781
Q02051.jpg,R008373.jpg,8,0.875
Q02160.jpg,R028223.jpg,28,0.562
Q02275.jpg,R030372.jpg,21,0.672
Q02651.jpg,R029794.jpg,30,0.531
Q02672.jpg,R040813.jpg,15,0.766
Q02840.jpg,R015696.jpg,6,0.906
Q02945.jpg,R005713.jpg,9,0.859
Q03053.jpg,R046712.jpg,23,0.641
Q03158.jpg,R040535.jpg,22,0.656
Q03218.jpg,R033871.jpg,23,0.641
Q03233.jpg,R023861.jpg,12,0.812
Q03273.jpg,R021774.jpg,31,0.516
Q03285.jpg,R025235.jpg,28,0.562
Q03364.jpg,R038109.jpg,24,0.625
Q03440.jpg,R019268.jpg,18,0.719
Q03572.jpg,R048860.jpg,17,0.734
Q03643.jpg,R048959.jpg,13,0.797
Q03854.jpg,R005527.jpg,22,0.656
Q03961.jpg,R036479.jpg,18,0.719
Q04079.jpg,R038735.jpg,7,0.891
Q04111.jpg,R022514.jpg,14,0.781
Q04113.jpg,R030138.jpg,6,0.906
Q04381.jpg,R032330.jpg,64,0.000
Q04414.jpg,R013853.jpg,64,0.000
Q04572.jpg,R020251.jpg,21,0.672
Q04580.jpg,R002943.jpg,17,0.734
Q04602.jpg,R004613.jpg,4,0.938
Q04618.jpg,R016215.jpg,9,0.859
Q04629.jpg,R033718.jpg,10,0.844
Q04872.jpg,R015986.jpg,25,0.609
Q04978.jpg,R042444.jpg,2,0.969
Q05046.jpg,R010499.jpg,2,0.969
Q05306.jpg,R013756.jpg,1,0.984
Q05308.jpg,R026258.jpg,21,0.672
Q05388.jpg,R013394.jpg,1,0.984
Q05562.jpg,R002092.jpg,28,0.562
Q05634.jpg,R024358.jpg,17,0.734
Q05881.jpg,R007283.jpg,19,0.703
Q05925.jpg,R019908.jpg,13,0.797
Q06021.jpg,R036637.jpg,3,0.953
Q06147.jpg,R017928.jpg,64,0.000
Q06214.jpg,R032575.jpg,26,0.594
Q06231.jpg,R040305.jpg,8,0.875
Q06240.jpg,R045080.jpg,17,0.734
Q06246.jpg,R035974.jpg,17,0.734
Q06253.jpg,R033241.jpg,33,0.484
Q06257.jpg,R033376.jpg,1,0.984
Q06313.jpg,R042210.jpg,26,0.594
Q06686.jpg,R038409.jpg,20,0.688
Q06786.jpg,R006606.jpg,5,0.922
Q06835.jpg,R003935.jpg,17,0.734
Q06890.jpg,R025200.jpg,13,0.797
Q06997.jpg,R030777.jpg,5,0.922
Q07059.jpg,R014159.jpg,9,0.859
Q07078.jpg,R047215.jpg,23,0.641
Q07130.jpg,R048124.jpg,7,0.891
Q07180.jpg,R021055.jpg,12,0.812
Q07377.jpg,R034580.jpg,17,0.734
Q07380.jpg,R028712.jpg,64,0.000
Q07423.jpg,R035985.jpg,18,0.719
Q07437.jpg,R036215.jpg,10,0.844
Q07482.jpg,R002155.jpg,9,0.859
Q07791.jpg,R031316.jpg,24,0.625
Q07842.jpg,R008693.jpg,32,0.500
Q07946.jpg,R004332.jpg,20,0.688
Q08111.jpg,R021605.jpg,18,0.719
Q08196.jpg,R044326.jpg,7,0.891
Q08257.jpg,R040002.jpg,15,0.766
Q08299.jpg,R028782.jpg,17,0.734
Q08333.jpg,R045173.jpg,2,0.969
Q08463.jpg,R003487.jpg,12,0.812
Q08488.jpg,R030393.jpg,7,0.891
Q08496.jpg,R014788.jpg,19,0.703
Q08559.jpg,R020188.jpg,19,0.703
Q08571.jpg,R002133.jpg,18,0.719
Q08650.jpg,R024779.jpg,24,0.625
Q08657.jpg,R042554.jpg,13,0.797
Q08675.jpg,R038214.jpg,7,0.891
Q08740.jpg,R010466.jpg,33,0.484
Q08853.jpg,R020064.jpg,24,0.625
Q08950.jpg,R049233.jpg,6,0.906
Q08959.jpg,R019400.jpg,10,0.844
Q09005.jpg,R004907.jpg,1,0.984
Q09037.jpg,R002688.jpg,21,0.672
Q09136.jpg,R010534.jpg,7,0.891
Q09536.jpg,R006387.jpg,23,0.641
Q09663.jpg,R036558.jpg,30,0.531
Q09665.jpg,R026619.jpg,32,0.500
Q09788.jpg,R045081.jpg,6,0.906
Q09847.jpg,R013314.jpg,7,0.891
Q09985.jpg,R049403.jpg,5,0.922
Q10069.jpg,R049106.jpg,15,0.766
Q10280.jpg,R043608.jpg,23,0.641
Q10426.jpg,R008636.jpg,21,0.672
Q10464.jpg,R000785.jpg,64,0.000
Q10610.jpg,R013069.jpg,23,0.641
Q10788.jpg,R033210.jpg,22,0.656
Q10790.jpg,R033754.jpg,20,0.688
Q10858.jpg,R018750.jpg,22,0.656
Q10911.jpg,R017072.jpg,36,0.438
Q10915.jpg,R034159.jpg,9,0.859
Q10998.jpg,R006346.jpg,26,0.594
Q11005.jpg,R042043.jpg,4,0.938
Q11090.jpg,R017009.jpg,4,0.938
Q11117.jpg,R043282.jpg,25,0.609
Q11119.jpg,R017793.jpg,64,0.000
Q11256.jpg,R024433.jpg,13,0.797
Q11315.jpg,R032478.jpg,64,0.000
Q11405.jpg,R047996.jpg,20,0.688
Q11515.jpg,R001360.jpg,31,0.516
Q11621.jpg,R045384.jpg,8,0.875
Q11730.jpg,R040372.jpg,24,0.625
Q11784.jpg,R014474.jpg,64,0.000
Q11877.jpg,R032662.jpg,25,0.609
Q11941.jpg,R021358.jpg,7,0.891
Q12033.jpg,R007222.jpg,23,0.641
Q12053.jpg,R010596.jpg,25,0.609
Q12058.jpg,R045797.jpg,11,0.828
Q12079.jpg,R033081.jpg,5,0.922
Q12218.jpg,R046729.jpg,29,0.547
Q12405.jpg,R000172.jpg,12,0.812
Q12458.jpg,R029605.jpg,16,0.750
Q12509.jpg,R029532.jpg,35,0.453
Q12667.jpg,R014770.jpg,26,0.594
Q12905.jpg,R011715.jpg,64,0.000
Q12994.jpg,R047833.jpg,64,0.000
Q13209.jpg,R006975.jpg,10,0.844
Q13238.jpg,R029222.jpg,64,0.000
Q13264.jpg,R032433.jpg,1,0.984
Q13316.jpg,R037774.jpg,21,0.672
Q13348.jpg,R047974.jpg,16,0.750
Q13382.jpg,R031320.jpg,24,0.625
Q13385.jpg,R035218.jpg,2,0.969
Q13392.jpg,R005324.jpg,18,0.719
Q13532.jpg,R035753.jpg,15,0.766
Q13759.jpg,R016435.jpg,27,0.578
Q13876.jpg,R048801.jpg,17,0.734
Q14036.jpg,R040288.jpg,20,0.688
Q14078.jpg,R013518.jpg,32,0.500
Q14109.jpg,R039612.jpg,22,0.656
Q14352.jpg,R031262.jpg,11,0.828
Q14409.jpg,R014524.jpg,34,0.469
Q14468.jpg,R030362.jpg,6,0.906
Q14483.jpg,R032077.jpg,24,0.625
Q14488.jpg,R036060.jpg,16,0.750
Q14569.jpg,R028361.jpg,10,0.844
Q14722.jpg,R049642.jpg,24,0.625
Q14726.jpg,R027354.jpg,11,0.828
Q14732.jpg,R014287.jpg,23,0.641
Q14809.jpg,R038107.jpg,17,0.734
Q14921.jpg,R024625.jpg,13,0.797
Q15019.jpg,R042555.jpg,14,0.781
Q15304.jpg,R000396.jpg,15,0.766
Q15599.jpg,R007037.jpg,25,0.609
Q15647.jpg,R016110.jpg,64,0.000
Q15744.jpg,R003736.jpg,64,0.000
Q15761.jpg,R034254.jpg,7,0.891
Q15842.jpg,R029478.jpg,30,0.531
Q16067.jpg,R001075.jpg,21,0.672
Q16114.jpg,R008851.jpg,13,0.797
Q16138.jpg,R042532.jpg,27,0.578
Q16372.jpg,R037288.jpg,13,0.797
Q16515.jpg,R025375.jpg,7,0.891
Q16593.jpg,R045044.jpg,8,0.875
Q16646.jpg,R044393.jpg,13,0.797
Q16654.jpg,R013766.jpg,8,0.875
Q16680.jpg,R002963.jpg,5,0.922
Q16907.jpg,R037277.jpg,17,0.734
Q16914.jpg,R027496.jpg,8,0.875
Q16956.jpg,R007938.jpg,64,0.000
Q17096.jpg,R007477.jpg,32,0.500
Q17202.jpg,R015260.jpg,20,0.688
Q17276.jpg,R013802.jpg,0,1.000
Q17281.jpg,R012653.jpg,9,0.859
Q17716.jpg,R018607.jpg,1,0.984
Q17898.jpg,R027382.jpg,24,0.625
Q17943.jpg,R013815.jpg,15,0.766
Q17976.jpg,R039454.jpg,11,0.828
Q18015.jpg,R012805.jpg,10,0.844
Q18020.jpg,R036825.jpg,21,0.672
Q18274.jpg,R019829.jpg,9,0.859
Q18357.jpg,R014220.jpg,34,0.469
Q18479.jpg,R043621.jpg,14,0.781
Q18595.jpg,R031096.jpg,33,0.484
Q18687.jpg,R043293.jpg,25,0.609
Q19053.jpg,R042516.jpg,19,0.703
Q19485.jpg,R007137.jpg,64,0.000
Q19829.jpg,R011487.jpg,23,0.641
Q19962.jpg,R027234.jpg,26,0.594
Q20109.jpg,R041942.jpg,2,0.969
Q20388.jpg,R042857.jpg,64,0.000
Q20492.jpg,R006466.jpg,64,0.000
Q20541.jpg,R033570.jpg,13,0.797
Q20586.jpg,R041535.jpg,14,0.781
Q20604.jpg,R013801.jpg,64,0.000
Q20722.jpg,R029779.jpg,1,0.984
Q20831.jpg,R013266.jpg,16,0.750
Q20885.jpg,R024270.jpg,21,0.672
Q20920.jpg,R039627.jpg,21,0.672
Q20927.jpg,R005994.jpg,28,0.562
Q21054.jpg,R031975.jpg,25,0.609
Q21060.jpg,R015862.jpg,64,0.000
Q21070.jpg,R047768.jpg,13,0.797
Q21250.jpg,R005068.jpg,3,0.953
Q21274.jpg,R043967.jpg,4,0.938
Q21413.jpg,R009516.jpg,4,0.938
Q21632.jpg,R049071.jpg,14,0.781
Q21760.jpg,R040789.jpg,14,0.781
Q21795.jpg,R010049.jpg,64,0.000
Q21815.jpg,R034624.jpg,29,0.547
Q21828.jpg,R029787.jpg,24,0.625
Q21995.jpg,R022135.jpg,64,0.000
Q22020.jpg,R027484.jpg,9,0.859
Q22118.jpg,R017662.jpg,26,0.594
Q22269.jpg,R004491.jpg,16,0.750
Q22299.jpg,R009214.jpg,17,0.734
Q22411.jpg,R001748.jpg,23,0.641
Q22533.jpg,R042339.jpg,64,0.000
Q22728.jpg,R003916.jpg,28,0.562
Q22813.jpg,R012461.jpg,0,1.000
Q23004.jpg,R044205.jpg,26,0.594
Q23016.jpg,R006697.jpg,2,0.969
Q23063.jpg,R037812.jpg,16,0.750
Q23293.jpg,R025285.jpg,21,0.672
Q23329.jpg,R012140.jpg,30,0.531
Q23488.jpg,R023401.jpg,15,0.766
Q23649.jpg,R014678.jpg,30,0.531
Q23735.jpg,R000076.jpg,22,0.656
Q23823.jpg,R039335.jpg,12,0.812
Q24008.jpg,R004287.jpg,64,0.000
Q24034.jpg,R048322.jpg,64,0.000
Q24145.jpg,R000849.jpg,27,0.578
Q24252.jpg,R013803.jpg,30,0.531
Q24387.jpg,R048208.jpg,25,0.609
Q24436.jpg,R002687.jpg,64,0.000
Q24551.jpg,R007460.jpg,9,0.859
Q24813.jpg,R010047.jpg,6,0.906
Q24837.jpg,R000045.jpg,5,0.922
Q24978.jpg,R043792.jpg,24,0.625
Q25191.jpg,R005223.jpg,23,0.641
Q25224.jpg,R016654.jpg,32,0.500
Q25247.jpg,R047930.jpg,20,0.688
Q25250.jpg,R021737.jpg,19,0.703
Q25280.jpg,R019809.jpg,10,0.844
Q25352.jpg,R012855.jpg,22,0.656
Q25427.jpg,R029484.jpg,64,0.000
Q25641.jpg,R029018.jpg,24,0.625
Q25681.jpg,R006185.jpg,17,0.734
Q25747.jpg,R031188.jpg,6,0.906
Q25761.jpg,R046413.jpg,15,0.766
Q25829.jpg,R012367.jpg,0,1.000
Q25856.jpg,R043685.jpg,23,0.641
Q25898.jpg,R008989.jpg,17,0.734
Q26132.jpg,R005747.jpg,9,0.859
Q26182.jpg,R026076.jpg,24,0.625
Q26270.jpg,R023956.jpg,20,0.688
Q26482.jpg,R024882.jpg,9,0.859
Q26526.jpg,R030849.jpg,64,0.000
Q26536.jpg,R040380.jpg,21,0.672
Q26560.jpg,R010804.jpg,27,0.578
Q26645.jpg,R028580.jpg,27,0.578
Q27288.jpg,R023983.jpg,16,0.750
Q27346.jpg,R045955.jpg,32,0.500
Q27356.jpg,R027805.jpg,64,0.000
Q27365.jpg,R025835.jpg,17,0.734
Q27378.jpg,R012077.jpg,8,0.875
Q27472.jpg,R036888.jpg,15,0.766
Q27549.jpg,R044125.jpg,9,0.859
Q27556.jpg,R019979.jpg,19,0.703
Q27561.jpg,R004882.jpg,19,0.703
Q27651.jpg,R012046.jpg,64,0.000
Q27658.jpg,R030419.jpg,6,0.906
Q27775.jpg,R006575.jpg,64,0.000
Q27806.jpg,R035758.jpg,9,0.859
Q27858.jpg,R019007.jpg,12,0.812
Q27901.jpg,R013910.jpg,0,1.000
Q27916.jpg,R029698.jpg,64,0.000
Q28035.jpg,R021308.jpg,7,0.891
Q28079.jpg,R049276.jpg,31,0.516
Q28129.jpg,R039538.jpg,15,0.766
Q28179.jpg,R015546.jpg,16,0.750
Q28186.jpg,R017576.jpg,33,0.484
Q28214.jpg,R048560.jpg,13,0.797
Q28255.jpg,R046748.jpg,22,0.656
Q28280.jpg,R036569.jpg,18,0.719
Q28374.jpg,R002499.jpg,19,0.703
Q28899.jpg,R025870.jpg,25,0.609
Q28925.jpg,R026140.jpg,22,0.656
Q28945.jpg,R027597.jpg,31,0.516
Q28955.jpg,R008712.jpg,64,0.000
Q29120.jpg,R032819.jpg,16,0.750
Q29254.jpg,R043873.jpg,6,0.906
Q29419.jpg,R013681.jpg,21,0.672
Q29504.jpg,R019377.jpg,31,0.516
Q29819.jpg,R013634.jpg,64,0.000
Q29845.jpg,R015641.jpg,19,0.703
Q29847.jpg,R035272.jpg,36,0.438
Q29993.jpg,R016659.jpg,25,0.609
Q30024.jpg,R031016.jpg,64,0.000
Q30030.jpg,R017352.jpg,2,0.969
Q30051.jpg,R021157.jpg,18,0.719
Q30152.jpg,R006384.jpg,15,0.766
Q30396.jpg,R031255.jpg,26,0.594
Q30514.jpg,R023898.jpg,15,0.766
Q30615.jpg,R008697.jpg,29,0.547
Q30904.jpg,R011248.jpg,6,0.906
Q31019.jpg,R000761.jpg,32,0.500
Q31061.jpg,R022448.jpg,5,0.922
Q31245.jpg,R045726.jpg,23,0.641
Q31393.jpg,R024974.jpg,8,0.875
Q31515.jpg,R031838.jpg,25,0.609
Q31528.jpg,R009784.jpg,10,0.844
Q31549.jpg,R038600.jpg,20,0.688
Q31585.jpg,R039329.jpg,5,0.922
Q31713.jpg,R021176.jpg,24,0.625
Q31732.jpg,R034139.jpg,9,0.859
Q31791.jpg,R043394.jpg,16,0.750
Q31899.jpg,R001553.jpg,24,0.625
Q31934.jpg,R002283.jpg,22,0.656
Q32134.jpg,R048199.jpg,64,0.000
Q32449.jpg,R043761.jpg,23,0.641
Q32502.jpg,R049574.jpg,31,0.516
Q32663.jpg,R035890.jpg,19,0.703
Q32679.jpg,R010039.jpg,25,0.609
Q32728.jpg,R030228.jpg,6,0.906
Q32790.jpg,R024425.jpg,20,0.688
Q32945.jpg,R010140.jpg,7,0.891
Q32970.jpg,R010719.jpg,64,0.000
Q33160.jpg,R006103.jpg,5,0.922
Q33169.jpg,R041471.jpg,35,0.453
Q33281.jpg,R049338.jpg,7,0.891
Q33407.jpg,R042393.jpg,4,0.938
Q33536.jpg,R013319.jpg,24,0.625
Q33567.jpg,R041640.jpg,64,0.000
Q33725.jpg,R035367.jpg,26,0.594
Q33767.jpg,R008540.jpg,64,0.000
Q33961.jpg,R012460.jpg,64,0.000
Q34035.jpg,R041215.jpg,30,0.531
Q34091.jpg,R037582.jpg,32,0.500
Q34236.jpg,R010119.jpg,12,0.812
Q34312.jpg,R049391.jpg,27,0.578
Q34542.jpg,R023089.jpg,24,0.625
Q34629.jpg,R010702.jpg,15,0.766
Q34681.jpg,R033038.jpg,18,0.719
Q34935.jpg,R017988.jpg,22,0.656
Q35067.jpg,R003338.jpg,17,0.734
Q35110.jpg,R049119.jpg,64,0.000
Q35138.jpg,R014964.jpg,64,0.000
Q35225.jpg,R004635.jpg,18,0.719
Q35285.jpg,R042133.jpg,64,0.000
Q35352.jpg,R014100.jpg,31,0.516
Q35383.jpg,R010673.jpg,17,0.734
Q35466.jpg,R001746.jpg,18,0.719
Q35474.jpg,R047919.jpg,22,0.656
Q35698.jpg,R049492.jpg,20,0.688
Q35710.jpg,R037590.jpg,27,0.578
Q35712.jpg,R027867.jpg,13,0.797
Q35735.jpg,R020951.jpg,17,0.734
Q35782.jpg,R032962.jpg,8,0.875
Q35997.jpg,R042539.jpg,15,0.766
Q36033.jpg,R021167.jpg,36,0.438
Q36166.jpg,R035388.jpg,18,0.719
Q36209.jpg,R035426.jpg,5,0.922
Q36498.jpg,R021703.jpg,15,0.766
Q36557.jpg,R007377.jpg,12,0.812
Q36892.jpg,R036007.jpg,14,0.781
Q36940.jpg,R018511.jpg,13,0.797
Q36962.jpg,R020897.jpg,12,0.812
Q37085.jpg,R028058.jpg,25,0.609
Q37121.jpg,R031146.jpg,3,0.953
Q37158.jpg,R013843.jpg,20,0.688
Q37220.jpg,R007744.jpg,1,0.984
Q37285.jpg,R048326.jpg,11,0.828
Q37433.jpg,R030216.jpg,21,0.672
Q37489.jpg,R022690.jpg,9,0.859
Q37704.jpg,R014304.jpg,8,0.875
Q37806.jpg,R028900.jpg,3,0.953
Q38498.jpg,R040079.jpg,18,0.719
Q38590.jpg,R049100.jpg,16,0.750
Q38713.jpg,R018813.jpg,7,0.891
Q38751.jpg,R004413.jpg,10,0.844
Q38752.jpg,R011477.jpg,16,0.750
Q38818.jpg,R028037.jpg,64,0.000
Q38881.jpg,R049598.jpg,24,0.625
Q38903.jpg,R026308.jpg,2,0.969
Q38946.jpg,R030622.jpg,64,0.000
Q38953.jpg,R022362.jpg,12,0.812
Q38972.jpg,R026432.jpg,21,0.672
Q39131.jpg,R033172.jpg,3,0.953
Q39177.jpg,R014030.jpg,21,0.672
Q39353.jpg,R015916.jpg,12,0.812
Q39525.jpg,R032922.jpg,32,0.500
Q39779.jpg,R048909.jpg,64,0.000
Q39796.jpg,R047135.jpg,24,0.625
Q39862.jpg,R022461.jpg,28,0.562
Q40055.jpg,R035917.jpg,5,0.922
Q40099.jpg,R045611.jpg,38,0.406
Q40213.jpg,R036813.jpg,64,0.000
Q40265.jpg,R047861.jpg,5,0.922
Q40274.jpg,R032515.jpg,10,0.844
Q40465.jpg,R010112.jpg,19,0.703
Q40671.jpg,R005192.jpg,19,0.703
Q40757.jpg,R026269.jpg,9,0.859
Q40830.jpg,R028749.jpg,28,0.562
Q40904.jpg,R028287.jpg,15,0.766
Q41027.jpg,R022743.jpg,25,0.609
Q41053.jpg,R005951.jpg,21,0.672
Q41089.jpg,R027004.jpg,25,0.609
Q41104.jpg,R028501.jpg,17,0.734
Q41235.jpg,R045089.jpg,35,0.453
Q41266.jpg,R015692.jpg,64,0.000
Q41309.jpg,R030753.jpg,7,0.891
Q41493.jpg,R035679.jpg,5,0.922
Q41505.jpg,R034747.jpg,16,0.750
Q41518.jpg,R008367.jpg,14,0.781
Q41853.jpg,R010266.jpg,22,0.656
Q41857.jpg,R020770.jpg,10,0.844
Q41890.jpg,R003067.jpg,25,0.609
Q41963.jpg,R022028.jpg,22,0.656
Q41984.jpg,R036548.jpg,26,0.594
Q42027.jpg,R032091.jpg,6,0.906
Q42116.jpg,R010660.jpg,32,0.500
Q42164.jpg,R008329.jpg,64,0.000
Q42179.jpg,R048097.jpg,2,0.969
Q42233.jpg,R046925.jpg,11,0.828
Q42369.jpg,R038286.jpg,34,0.469
Q42382.jpg,R023167.jpg,28,0.562
Q42497.jpg,R016334.jpg,28,0.562
Q42782.jpg,R039421.jpg,10,0.844
Q42875.jpg,R003082.jpg,64,0.000
Q42883.jpg,R049056.jpg,13,0.797
Q43014.jpg,R026608.jpg,21,0.672
Q43188.jpg,R003560.jpg,17,0.734
Q43190.jpg,R002899.jpg,21,0.672
Q43436.jpg,R027290.jpg,4,0.938
Q43570.jpg,R003301.jpg,27,0.578
Q43592.jpg,R016023.jpg,9,0.859
Q43764.jpg,R005388.jpg,8,0.875
Q43816.jpg,R009137.jpg,21,0.672
Q43931.jpg,R024739.jpg,4,0.938
Q43978.jpg,R001255.jpg,25,0.609
Q43994.jpg,R023879.jpg,4,0.938
Q44027.jpg,R044474.jpg,17,0.734
Q44272.jpg,R034250.jpg,29,0.547
Q44295.jpg,R029976.jpg,32,0.500
Q44380.jpg,R021479.jpg,64,0.000
Q44526.jpg,R045250.jpg,0,1.000
Q44604.jpg,R038838.jpg,16,0.750
Q44873.jpg,R016291.jpg,11,0.828
Q45090.jpg,R000643.jpg,13,0.797
Q45092.jpg,R032455.jpg,8,0.875
Q45298.jpg,R023797.jpg,19,0.703
Q45318.jpg,R017057.jpg,19,0.703
Q45353.jpg,R026374.jpg,64,0.000
Q45669.jpg,R028365.jpg,32,0.500
Q45723.jpg,R002361.jpg,7,0.891
Q45787.jpg,R006542.jpg,0,1.000
Q45797.jpg,R023798.jpg,27,0.578
Q45798.jpg,R021878.jpg,13,0.797
Q45804.jpg,R026837.jpg,7,0.891
Q45816.jpg,R008941.jpg,20,0.688
Q45848.jpg,R045828.jpg,6,0.906
Q45862.jpg,R037591.jpg,29,0.547
Q45927.jpg,R010938.jpg,4,0.938
Q46047.jpg,R040606.jpg,20,0.688
Q46118.jpg,R021124.jpg,27,0.578
Q46154.jpg,R016729.jpg,16,0.750
Q46302.jpg,R040218.jpg,64,0.000
Q46337.jpg,R044549.jpg,18,0.719
Q46616.jpg,R042032.jpg,6,0.906
Q46811.jpg,R001269.jpg,13,0.797
Q47025.jpg,R028292.jpg,27,0.578
Q47219.jpg,R009787.jpg,22,0.656
Q47298.jpg,R016776.jpg,6,0.906
Q47303.jpg,R033062.jpg,16,0.750
Q47396.jpg,R020511.jpg,4,0.938
Q47591.jpg,R036259.jpg,15,0.766
Q47665.jpg,R028842.jpg,64,0.000
Q47667.jpg,R012294.jpg,64,0.000
Q47688.jpg,R022427.jpg,9,0.859
Q47708.jpg,R015668.jpg,16,0.750
Q47724.jpg,R041989.jpg,22,0.656
Q47855.jpg,R021764.jpg,28,0.562
Q47857.jpg,R027705.jpg,22,0.656
Q47885.jpg,R016641.jpg,27,0.578
Q48110.jpg,R016774.jpg,8,0.875
Q48167.jpg,R025640.jpg,4,0.938
Q48393.jpg,R026672.jpg,19,0.703
Q48394.jpg,R036639.jpg,3,0.953
Q48600.jpg,R007498.jpg,21,0.672
Q48755.jpg,R049927.jpg,0,1.000
Q48861.jpg,R014977.jpg,64,0.000
Q48948.jpg,R023436.jpg,11,0.828
Q48984.jpg,R009154.jpg,0,1.000
Q49004.jpg,R046328.jpg,11,0.828
Q49007.jpg,R019758.jpg,5,0.922
Q49077.jpg,R022390.jpg,20,0.688
Q49112.jpg,R032038.jpg,21,0.672
Q49190.jpg,R015028.jpg,17,0.734
Q49293.jpg,R000005.jpg,12,0.812
Q49347.jpg,R009714.jpg,14,0.781
Q49418.jpg,R017815.jpg,21,0.672
Q49464.jpg,R022861.jpg,26,0.594
Q49873.jpg,R003942.jpg,23,0.641
Q49947.jpg,R025570.jpg,64,0.000
Q49992.jpg,R002336.jpg,64,0.000
Q50060.jpg,R003513.jpg,24,0.625
Q50095.jpg,R029638.jpg,10,0.844
Q50186.jpg,R038042.jpg,31,0.516
Q50229.jpg,R040485.jpg,22,0.656
Q50386.jpg,R037975.jpg,20,0.688
Q50469.jpg,R036121.jpg,64,0.000
Q50699.jpg,R038543.jpg,64,0.000
Q50797.jpg,R045509.jpg,15,0.766
Q50845.jpg,R018328.jpg,10,0.844
Q50884.jpg,R042163.jpg,15,0.766
Q51102.jpg,R049903.jpg,30,0.531
Q51121.jpg,R024445.jpg,4,0.938
Q51175.jpg,R023609.jpg,14,0.781
Q51427.jpg,R021292.jpg,19,0.703
Q51481.jpg,R008569.jpg,3,0.953
Q51579.jpg,R036095.jpg,19,0.703
Q51613.jpg,R034896.jpg,7,0.891
Q51725.jpg,R012389.jpg,64,0.000
Q51760.jpg,R048825.jpg,22,0.656
Q51793.jpg,R005216.jpg,23,0.641
Q51831.jpg,R022675.jpg,19,0.703
Q52043.jpg,R003682.jpg,12,0.812
Q52223.jpg,R010005.jpg,3,0.953
Q52348.jpg,R041312.jpg,28,0.562
Q52353.jpg,R048505.jpg,20,0.688
Q52443.jpg,R031479.jpg,29,0.547
Q52457.jpg,R046140.jpg,21,0.672
Q52579.jpg,R000260.jpg,11,0.828
Q52619.jpg,R013642.jpg,14,0.781
Q52629.jpg,R025854.jpg,26,0.594
Q52785.jpg,R041520.jpg,25,0.609
Q52935.jpg,R022102.jpg,24,0.625
Q52942.jpg,R017910.jpg,2,0.969
Q53015.jpg,R009151.jpg,14,0.781
Q53032.jpg,R023323.jpg,22,0.656
Q53154.jpg,R002239.jpg,11,0.828
Q53328.jpg,R019469.jpg,0,1.000
Q53368.jpg,R033756.jpg,18,0.719
Q53504.jpg,R018459.jpg,17,0.734
Q53627.jpg,R019102.jpg,15,0.766
Q53816.jpg,R009200.jpg,16,0.750
Q53931.jpg,R020786.jpg,21,0.672
Q54043.jpg,R040053.jpg,4,0.938
Q54405.jpg,R037570.jpg,5,0.922
Q54848.jpg,R035897.jpg,17,0.734
Q54918.jpg,R021474.jpg,18,0.719
Q55124.jpg,R022477.jpg,13,0.797
Q55250.jpg,R033315.jpg,21,0.672
Q55439.jpg,R024203.jpg,28,0.562
Q55681.jpg,R007393.jpg,64,0.000
Q55752.jpg,R042169.jpg,15,0.766
Q55788.jpg,R001619.jpg,26,0.594
Q55791.jpg,R049934.jpg,22,0.656
Q55838.jpg,R016982.jpg,22,0.656
Q56115.jpg,R044128.jpg,7,0.891
Q56198.jpg,R026459.jpg,11,0.828
Q56393.jpg,R002067.jpg,43,0.328
Q56465.jpg,R015775.jpg,19,0.703
Q56652.jpg,R035954.jpg,9,0.859
Q56888.jpg,R010019.jpg,11,0.828
Q56961.jpg,R043675.jpg,3,0.953
Q57104.jpg,R007288.jpg,64,0.000
Q57205.jpg,R029999.jpg,10,0.844
Q57364.jpg,R046070.jpg,6,0.906
Q57367.jpg,R039480.jpg,17,0.734
Q57445.jpg,R040337.jpg,7,0.891
Q57557.jpg,R032197.jpg,10,0.844
Q57592.jpg,R011064.jpg,18,0.719
Q57672.jpg,R008009.jpg,25,0.609
Q57734.jpg,R016498.jpg,18,0.719
Q57834.jpg,R012628.jpg,30,0.531
Q57944.jpg,R002101.jpg,21,0.672
Q57964.jpg,R004761.jpg,4,0.938
Q58081.jpg,R032624.jpg,15,0.766
Q58395.jpg,R035118.jpg,26,0.594
Q58429.jpg,R026088.jpg,23,0.641
Q58438.jpg,R004032.jpg,7,0.891
Q58444.jpg,R033891.jpg,11,0.828
Q58452.jpg,R001044.jpg,29,0.547
Q58591.jpg,R030059.jpg,64,0.000
Q58596.jpg,R041675.jpg,15,0.766
Q58786.jpg,R031501.jpg,5,0.922
Q58809.jpg,R008832.jpg,11,0.828
Q58812.jpg,R024680.jpg,29,0.547
Q58920.jpg,R009460.jpg,32,0.500
Q58922.jpg,R012706.jpg,19,0.703
Q58932.jpg,R023899.jpg,35,0.453
Q58978.jpg,R027306.jpg,11,0.828
Q59045.jpg,R031982.jpg,9,0.859
Q59097.jpg,R013522.jpg,9,0.859
Q59224.jpg,R022779.jpg,11,0.828
Q59266.jpg,R017182.jpg,33,0.484
Q59379.jpg,R039555.jpg,14,0.781
Q59439.jpg,R041789.jpg,13,0.797
Q59535.jpg,R045759.jpg,9,0.859
Q59782.jpg,R026252.jpg,30,0.531
Q59796.jpg,R012180.jpg,64,0.000
Q59863.jpg,R038720.jpg,64,0.000
Q59904.jpg,R032047.jpg,64,0.000
Q59912.jpg,R040165.jpg,9,0.859
Q60014.jpg,R004081.jpg,36,0.438
Q60056.jpg,R000301.jpg,14,0.781
Q60084.jpg,R002210.jpg,42,0.344
Q60128.jpg,R042713.jpg,3,0.953
Q60227.jpg,R012592.jpg,22,0.656
Q60369.jpg,R001105.jpg,31,0.516
Q60485.jpg,R011716.jpg,7,0.891
Q60894.jpg,R015608.jpg,34,0.469
Q60919.jpg,R031340.jpg,33,0.484
Q60991.jpg,R017375.jpg,64,0.000
Q61003.jpg,R012080.jpg,24,0.625
Q61154.jpg,R027674.jpg,13,0.797
Q61374.jpg,R028932.jpg,12,0.812
Q61416.jpg,R029164.jpg,64,0.000
Q61499.jpg,R045711.jpg,20,0.688
Q61613.jpg,R020384.jpg,64,0.000
Q61779.jpg,R013385.jpg,9,0.859
Q61916.jpg,R039459.jpg,29,0.547
Q62009.jpg,R034001.jpg,4,0.938
Q62113.jpg,R005860.jpg,64,0.000
Q62135.jpg,R004251.jpg,13,0.797
Q62159.jpg,R037222.jpg,24,0.625
Q62293.jpg,R010773.jpg,35,0.453
Q62332.jpg,R001270.jpg,64,0.000
Q62408.jpg,R035609.jpg,64,0.000
Q62634.jpg,R015570.jpg,15,0.766
Q62913.jpg,R024010.jpg,30,0.531
Q62930.jpg,R037453.jpg,26,0.594
Q62940.jpg,R006287.jpg,15,0.766
Q63010.jpg,R001433.jpg,3,0.953
Q63053.jpg,R043890.jpg,16,0.750
Q63524.jpg,R039596.jpg,29,0.547
Q63550.jpg,R036949.jpg,64,0.000
Q63579.jpg,R041754.jpg,23,0.641
Q63657.jpg,R002034.jpg,22,0.656
Q63659.jpg,R023481.jpg,26,0.594
Q63721.jpg,R045952.jpg,19,0.703
Q63820.jpg,R002586.jpg,33,0.484
Q63841.jpg,R032634.jpg,9,0.859
Q63924.jpg,R001982.jpg,64,0.000
Q64087.jpg,R044763.jpg,27,0.578
Q64117.jpg,R031393.jpg,21,0.672
Q64224.jpg,R012738.jpg,12,0.812
Q64264.jpg,R034261.jpg,20,0.688
Q64277.jpg,R014915.jpg,64,0.000
Q64541.jpg,R045893.jpg,34,0.469
Q64611.jpg,R038576.jpg,64,0.000
Q64675.jpg,R042499.jpg,29,0.547
Q64716.jpg,R046224.jpg,32,0.500
Q64937.jpg,R002887.jpg,17,0.734
Q65559.jpg,R007235.jpg,12,0.812
Q65753.jpg,R002163.jpg,10,0.844
Q65790.jpg,R005851.jpg,30,0.531
Q66195.jpg,R049546.jpg,7,0.891
Q66228.jpg,R021077.jpg,16,0.750
Q66242.jpg,R037665.jpg,64,0.000
Q66253.jpg,R014877.jpg,12,0.812
Q66324.jpg,R042853.jpg,12,0.812
Q66374.jpg,R000427.jpg,34,0.469
Q66437.jpg,R042345.jpg,20,0.688
Q66508.jpg,R017309.jpg,26,0.594
Q66551.jpg,R007502.jpg,23,0.641
Q66746.jpg,R015743.jpg,29,0.547
Q66772.jpg,R040761.jpg,20,0.688
Q66801.jpg,R032773.jpg,6,0.906
Q66856.jpg,R006583.jpg,22,0.656
Q66917.jpg,R015905.jpg,17,0.734
Q67030.jpg,R036686.jpg,64,0.000
Q67070.jpg,R038559.jpg,13,0.797
Q67120.jpg,R036814.jpg,12,0.812
Q67142.jpg,R042994.jpg,13,0.797
Q67149.jpg,R029527.jpg,9,0.859
Q67223.jpg,R003914.jpg,27,0.578
Q67352.jpg,R025830.jpg,12,0.812
Q67363.jpg,R014628.jpg,6,0.906
Q67398.jpg,R002323.jpg,17,0.734
Q67455.jpg,R028001.jpg,23,0.641
Q67461.jpg,R002709.jpg,18,0.719
Q67490.jpg,R043099.jpg,25,0.609
Q67587.jpg,R014191.jpg,16,0.750
Q67749.jpg,R024385.jpg,19,0.703
Q67829.jpg,R031630.jpg,3,0.953
Q67938.jpg,R004482.jpg,21,0.672
Q67997.jpg,R012036.jpg,15,0.766
Q68026.jpg,R048682.jpg,5,0.922
Q68273.jpg,R014122.jpg,23,0.641
Q68481.jpg,R010084.jpg,32,0.500
Q68530.jpg,R029550.jpg,15,0.766
Q68533.jpg,R001860.jpg,19,0.703
Q68569.jpg,R039236.jpg,12,0.812
Q68611.jpg,R044207.jpg,32,0.500
Q68689.jpg,R018210.jpg,17,0.734
Q68818.jpg,R042626.jpg,15,0.766
Q68917.jpg,R027874.jpg,10,0.844
Q68987.jpg,R016921.jpg,12,0.812
Q69044.jpg,R046404.jpg,18,0.719
Q69047.jpg,R027381.jpg,14,0.781
Q69072.jpg,R023564.jpg,22,0.656
Q69412.jpg,R046458.jpg,21,0.672
Q69460.jpg,R000789.jpg,20,0.688
Q69581.jpg,R046236.jpg,20,0.688
Q69629.jpg,R046104.jpg,28,0.562
Q69891.jpg,R042414.jpg,6,0.906
Q69894.jpg,R035613.jpg,64,0.000
Q69968.jpg,R004131.jpg,64,0.000
Q69978.jpg,R042099.jpg,1,0.984
Q70017.jpg,R021318.jpg,25,0.609
Q70029.jpg,R007066.jpg,27,0.578
Q70277.jpg,R044451.jpg,29,0.547
Q70383.jpg,R038406.jpg,64,0.000
Q70585.jpg,R021869.jpg,38,0.406
Q70614.jpg,R036780.jpg,22,0.656
Q70676.jpg,R004539.jpg,64,0.000
Q71069.jpg,R034899.jpg,11,0.828
Q71083.jpg,R037356.jpg,7,0.891
Q71307.jpg,R012032.jpg,25,0.609
Q71734.jpg,R024128.jpg,18,0.719
Q71838.jpg,R024890.jpg,42,0.344
Q71855.jpg,R024975.jpg,21,0.672
Q71953.jpg,R042790.jpg,64,0.000
Q71979.jpg,R027175.jpg,21,0.672
Q72104.jpg,R010483.jpg,64,0.000
Q72241.jpg,R010025.jpg,26,0.594
Q72430.jpg,R008722.jpg,14,0.781
Q72623.jpg,R005850.jpg,30,0.531
Q72783.jpg,R028310.jpg,8,0.875
Q72821.jpg,R045389.jpg,25,0.609
Q72844.jpg,R012993.jpg,21,0.672
Q72899.jpg,R029194.jpg,15,0.766
Q72931.jpg,R014700.jpg,0,1.000
Q73010.jpg,R049940.jpg,23,0.641
Q73143.jpg,R048790.jpg,22,0.656
Q73145.jpg,R023656.jpg,3,0.953
Q73160.jpg,R004983.jpg,19,0.703
Q73296.jpg,R000039.jpg,18,0.719
Q73327.jpg,R009776.jpg,35,0.453
Q73835.jpg,R041915.jpg,29,0.547
Q73861.jpg,R045836.jpg,20,0.688
Q73938.jpg,R028282.jpg,0,1.000
Q74001.jpg,R040529.jpg,14,0.781
Q74039.jpg,R034614.jpg,17,0.734
Q74137.jpg,R049930.jpg,10,0.844
Q74366.jpg,R001984.jpg,30,0.531
Q74442.jpg,R033610.jpg,19,0.703
Q74450.jpg,R049624.jpg,19,0.703
Q74516.jpg,R007548.jpg,19,0.703
Q74549.jpg,R022949.jpg,29,0.547
Q74596.jpg,R005370.jpg,25,0.609
Q74858.jpg,R036288.jpg,26,0.594
Q74871.jpg,R000000.jpg,21,0.672
Q74979.jpg,R036055.jpg,14,0.781
Q75241.jpg,R047923.jpg,64,0.000
Q75286.jpg,R021146.jpg,0,1.000
Q75320.jpg,R023827.jpg,1,0.984
Q75329.jpg,R015605.jpg,31,0.516
Q75725.jpg,R038644.jpg,6,0.906
Q75835.jpg,R043924.jpg,23,0.641
Q76103.jpg,R021012.jpg,20,0.688
Q76280.jpg,R033686.jpg,23,0.641
Q76319.jpg,R020242.jpg,14,0.781
Q76395.jpg,R048668.jpg,64,0.000
Q76418.jpg,R046550.jpg,1,0.984
Q76553.jpg,R023515.jpg,18,0.719
Q76583.jpg,R001357.jpg,7,0.891
Q76597.jpg,R027011.jpg,19,0.703
Q76860.jpg,R018071.jpg,64,0.000
Q77157.jpg,R035999.jpg,15,0.766
Q77427.jpg,R011012.jpg,16,0.750
Q77441.jpg,R003375.jpg,20,0.688
Q77450.jpg,R026970.jpg,12,0.812
Q77455.jpg,R037175.jpg,21,0.672
Q77530.jpg,R015804.jpg,18,0.719
Q77561.jpg,R026025.jpg,17,0.734
Q77823.jpg,R017982.jpg,18,0.719
Q77825.jpg,R049559.jpg,44,0.312
Q77905.jpg,R047351.jpg,6,0.906
Q78034.jpg,R044033.jpg,25,0.609
Q78080.jpg,R005245.jpg,10,0.844
Q78171.jpg,R038640.jpg,15,0.766
Q78216.jpg,R009745.jpg,38,0.406
Q78377.jpg,R027913.jpg,15,0.766
Q78419.jpg,R007347.jpg,16,0.750
Q78481.jpg,R024805.jpg,7,0.891
Q78880.jpg,R003150.jpg,19,0.703
Q78892.jpg,R043860.jpg,27,0.578
Q79068.jpg,R004261.jpg,21,0.672
Q79225.jpg,R003259.jpg,64,0.000
Q79255.jpg,R037416.jpg,32,0.500
Q79339.jpg,R041509.jpg,37,0.422
Q79346.jpg,R049674.jpg,26,0.594
Q79451.jpg,R001369.jpg,6,0.906
Q79719.jpg,R021681.jpg,37,0.422
Q79739.jpg,R022504.jpg,18,0.719
Q79896.jpg,R044902.jpg,9,0.859
Q79901.jpg,R015366.jpg,12,0.812
Q79930.jpg,R032716.jpg,8,0.875
Q79950.jpg,R039477.jpg,14,0.781
Q79975.jpg,R014190.jpg,9,0.859
Q80036.jpg,R004979.jpg,19,0.703
Q80102.jpg,R029979.jpg,21,0.672
Q80272.jpg,R010885.jpg,23,0.641
Q80394.jpg,R002224.jpg,17,0.734
Q80409.jpg,R049501.jpg,11,0.828
Q80643.jpg,R038422.jpg,7,0.891
Q80665.jpg,R031824.jpg,11,0.828
Q80670.jpg,R002216.jpg,64,0.000
Q80919.jpg,R015503.jpg,33,0.484
Q80924.jpg,R026620.jpg,18,0.719
Q81033.jpg,R017053.jpg,64,0.000
Q81036.jpg,R040498.jpg,21,0.672
Q81155.jpg,R040052.jpg,28,0.562
Q81240.jpg,R028724.jpg,33,0.484
Q81335.jpg,R025615.jpg,4,0.938
Q81804.jpg,R039561.jpg,64,0.000
Q82011.jpg,R002643.jpg,8,0.875
Q82046.jpg,R001729.jpg,34,0.469
Q82327.jpg,R002724.jpg,19,0.703
Q82331.jpg,R030780.jpg,13,0.797
Q82407.jpg,R001402.jpg,7,0.891
Q82477.jpg,R047216.jpg,10,0.844
Q82621.jpg,R045317.jpg,15,0.766
Q82628.jpg,R016425.jpg,27,0.578
Q82714.jpg,R013335.jpg,14,0.781
Q82972.jpg,R027936.jpg,1,0.984
Q83042.jpg,R002348.jpg,20,0.688
Q83097.jpg,R009193.jpg,28,0.562
Q83160.jpg,R002816.jpg,29,0.547
Q83179.jpg,R011914.jpg,3,0.953
Q83191.jpg,R036114.jpg,64,0.000
Q83325.jpg,R024362.jpg,25,0.609
Q83414.jpg,R011011.jpg,15,0.766
Q83468.jpg,R020412.jpg,23,0.641
Q83520.jpg,R026541.jpg,25,0.609
Q83542.jpg,R027383.jpg,28,0.562
Q83845.jpg,R042844.jpg,13,0.797
Q83885.jpg,R030186.jpg,26,0.594
Q84006.jpg,R032825.jpg,36,0.438
Q84073.jpg,R016974.jpg,32,0.500
Q84130.jpg,R024395.jpg,20,0.688
Q84142.jpg,R012302.jpg,30,0.531
Q84207.jpg,R011038.jpg,22,0.656
Q84379.jpg,R038376.jpg,16,0.750
Q84551.jpg,R009968.jpg,19,0.703
Q84740.jpg,R014712.jpg,1,0.984
Q84744.jpg,R017517.jpg,64,0.000
Q84750.jpg,R039340.jpg,64,0.000
Q84885.jpg,R024905.jpg,64,0.000
Q84998.jpg,R039982.jpg,24,0.625
Q85001.jpg,R001702.jpg,12,0.812
Q85006.jpg,R010133.jpg,35,0.453
Q85040.jpg,R023243.jpg,12,0.812
Q85387.jpg,R015100.jpg,30,0.531
Q85438.jpg,R030188.jpg,64,0.000
Q85543.jpg,R006536.jpg,13,0.797
Q85626.jpg,R013281.jpg,20,0.688
Q85662.jpg,R005184.jpg,64,0.000
Q85675.jpg,R030425.jpg,9,0.859
Q85688.jpg,R036237.jpg,17,0.734
Q85702.jpg,R009359.jpg,22,0.656
Q85720.jpg,R027735.jpg,15,0.766
Q86075.jpg,R043564.jpg,32,0.500
Q86192.jpg,R047522.jpg,9,0.859
Q86200.jpg,R049482.jpg,16,0.750
Q86219.jpg,R047465.jpg,2,0.969
Q86276.jpg,R033398.jpg,32,0.500
Q86296.jpg,R009494.jpg,7,0.891
Q86304.jpg,R015195.jpg,24,0.625
Q86376.jpg,R035029.jpg,5,0.922
Q86400.jpg,R034929.jpg,23,0.641
Q86448.jpg,R027348.jpg,27,0.578
Q86794.jpg,R005480.jpg,64,0.000
Q86808.jpg,R015023.jpg,36,0.438
Q86979.jpg,R012960.jpg,35,0.453
Q87002.jpg,R029416.jpg,16,0.750
Q87193.jpg,R037954.jpg,12,0.812
Q87203.jpg,R028067.jpg,20,0.688
Q87282.jpg,R010610.jpg,15,0.766
Q87626.jpg,R021049.jpg,22,0.656
Q87993.jpg,R006153.jpg,10,0.844
Q88022.jpg,R014433.jpg,9,0.859
Q88084.jpg,R036538.jpg,1,0.984
Q88099.jpg,R045622.jpg,23,0.641
Q88150.jpg,R016842.jpg,31,0.516
Q88179.jpg,R027327.jpg,64,0.000
Q88256.jpg,R017769.jpg,64,0.000
Q88291.jpg,R005146.jpg,33,0.484
Q88317.jpg,R001166.jpg,15,0.766
Q88484.jpg,R025873.jpg,30,0.531
Q88626.jpg,R044913.jpg,18,0.719
Q88930.jpg,R037080.jpg,28,0.562
Q89149.jpg,R014769.jpg,23,0.641
Q89201.jpg,R038410.jpg,9,0.859
Q89254.jpg,R023868.jpg,23,0.641
Q89337.jpg,R010308.jpg,11,0.828
Q89419.jpg,R049395.jpg,37,0.422
Q89422.jpg,R027292.jpg,5,0.922
Q89432.jpg,R028563.jpg,26,0.594
Q89494.jpg,R005760.jpg,64,0.000
Q89689.jpg,R005179.jpg,19,0.703
Q89690.jpg,R014843.jpg,12,0.812
Q89769.jpg,R018082.jpg,16,0.750
Q89934.jpg,R018428.jpg,12,0.812
Q89945.jpg,R010999.jpg,12,0.812
Q90145.jpg,R002824.jpg,24,0.625
Q90402.jpg,R037163.jpg,25,0.609
Q90458.jpg,R047261.jpg,12,0.812
Q90472.jpg,R035173.jpg,25,0.609
Q90555.jpg,R003715.jpg,26,0.594
Q90620.jpg,R007410.jpg,7,0.891
Q90899.jpg,R040729.jpg,29,0.547
Q90954.jpg,R032809.jpg,30,0.531
Q90955.jpg,R030136.jpg,22,0.656
Q90957.jpg,R047527.jpg,64,0.000
Q91045.jpg,R007056.jpg,13,0.797
Q91093.jpg,R039407.jpg,9,0.859
Q91104.jpg,R003036.jpg,18,0.719
Q91362.jpg,R014784.jpg,30,0.531
Q91364.jpg,R010400.jpg,25,0.609
Q91459.jpg,R049386.jpg,15,0.766
Q91686.jpg,R008397.jpg,19,0.703
Q91750.jpg,R012711.jpg,9,0.859
Q91850.jpg,R042294.jpg,2,0.969
Q92018.jpg,R045380.jpg,23,0.641
Q92055.jpg,R013106.jpg,64,0.000
Q92150.jpg,R018298.jpg,25,0.609
Q92331.jpg,R034610.jpg,38,0.406
Q92346.jpg,R032851.jpg,22,0.656
Q92477.jpg,R032055.jpg,26,0.594
Q92742.jpg,R026940.jpg,18,0.719
Q92880.jpg,R000977.jpg,0,1.000
Q92925.jpg,R029910.jpg,30,0.531
Q92987.jpg,R045009.jpg,64,0.000
Q93201.jpg,R024491.jpg,15,0.766
Q93301.jpg,R022720.jpg,64,0.000
Q93336.jpg,R010946.jpg,15,0.766
Q93399.jpg,R021306.jpg,23,0.641
Q93408.jpg,R026978.jpg,12,0.812
Q93551.jpg,R047068.jpg,33,0.484
Q93882.jpg,R016448.jpg,19,0.703
Q94058.jpg,R009657.jpg,23,0.641
Q94098.jpg,R001503.jpg,16,0.750
Q94239.jpg,R044697.jpg,18,0.719
Q94263.jpg,R000932.jpg,23,0.641
Q94353.jpg,R016666.jpg,6,0.906
Q94517.jpg,R007269.jpg,25,0.609
Q94565.jpg,R012771.jpg,31,0.516
Q94627.jpg,R017219.jpg,16,0.750
Q94732.jpg,R036442.jpg,11,0.828
Q94916.jpg,R035160.jpg,12,0.812
Q95006.jpg,R013525.jpg,3,0.953
Q95117.jpg,R030566.jpg,18,0.719
Q95274.jpg,R016271.jpg,1,0.984
Q95290.jpg,R039884.jpg,11,0.828
Q95601.jpg,R015732.jpg,19,0.703
Q95607.jpg,R013307.jpg,33,0.484
Q95639.jpg,R014309.jpg,38,0.406
Q95765.jpg,R021760.jpg,9,0.859
Q95768.jpg,R039225.jpg,10,0.844
Q95798.jpg,R006172.jpg,5,0.922
Q95881.jpg,R013196.jpg,15,0.766
Q95903.jpg,R027436.jpg,18,0.719
Q96220.jpg,R025075.jpg,11,0.828
Q96342.jpg,R028806.jpg,11,0.828
Q96392.jpg,R032592.jpg,9,0.859
Q96407.jpg,R017157.jpg,19,0.703
Q96439.jpg,R048695.jpg,20,0.688
Q96535.jpg,R045988.jpg,28,0.562
Q96598.jpg,R021705.jpg,6,0.906
Q96866.jpg,R049722.jpg,64,0.000
Q96891.jpg,R023510.jpg,30,0.531
Q96950.jpg,R013834.jpg,21,0.672
Q97107.jpg,R027441.jpg,12,0.812
Q97395.jpg,R000736.jpg,36,0.438
Q97440.jpg,R014378.jpg,11,0.828
Q97804.jpg,R014106.jpg,9,0.859
Q97882.jpg,R017684.jpg,23,0.641
Q97997.jpg,R048805.jpg,11,0.828
Q98047.jpg,R046171.jpg,32,0.500
Q98126.jpg,R045322.jpg,8,0.875
Q98498.jpg,R031739.jpg,13,0.797
Q98513.jpg,R001561.jpg,26,0.594
Q98663.jpg,R008875.jpg,22,0.656
Q98796.jpg,R031599.jpg,18,0.719
Q98829.jpg,R046821.jpg,17,0.734
Q98835.jpg,R031795.jpg,22,0.656
Q98934.jpg,R032133.jpg,19,0.703
Q98989.jpg,R011919.jpg,37,0.422
Q99185.jpg,R043209.jpg,64,0.000
Q99215.jpg,R019363.jpg,64,0.000
Q99234.jpg,R020619.jpg,20,0.688
Q99309.jpg,R007870.jpg,15,0.766
Q99313.jpg,R001559.jpg,26,0.594
Q99375.jpg,R015591.jpg,11,0.828
Q99396.jpg,R031020.jpg,6,0.906
Q99507.jpg,R007047.jpg,16,0.750
Q99525.jpg,R030731.jpg,12,0.812
Q99538.jpg,R043554.jpg,14,0.781
Q99763.jpg,R034725.jpg,20,0.688
Q99915.jpg,R044043.jpg,5,0.922
Q99999.jpg,R017071.jpg,29,0.547
