algorithm,image,megapixels,decode_ms,hash_ms
ahash,images/beach.jpg,0.5298,9.603,15.056
ahash,images_variants/beach/altered.png,0.5298,6.884,12.88
ahash,images_variants/beach/grayscale.png,0.5298,3.907,6.739
ahash,images_variants/beach/covered.png,0.5298,8.596,12.259
ahash,images_variants/beach/dropout.png,0.5298,9.549,16.661
ahash,images_variants/beach/blurred.png,0.5298,9.072,15.783
ahash,images_variants/beach/brightened.png,0.5298,9.286,16.369
ahash,images_variants/beach/darkened.png,0.5298,9.554,15.77
ahash,images_variants/beach/resized.png,0.1323,2.882,5.287
ahash,images_variants/beach/resized_up.png,2.1193,39.514,69.484
ahash,images_variants/beach/contrasted.png,0.5298,9.86,16.317
ahash,images_variants/beach/filtered.png,0.5298,8.537,12.135
ahash,images_variants/beach/channel_shifted.png,0.5298,9.372,16.122
ahash,images_variants/beach/cropped10.png,0.3387,6.582,8.502
ahash,images_variants/beach/cropped20.png,0.1905,3.319,4.52
ahash,images_variants/beach/cropped30.png,0.0847,1.926,1.777
ahash,images_variants/beach/quality_adjusted_20.jpg,0.5298,1.582,2.181
ahash,images_variants/beach/quality_adjusted_50.jpg,0.5298,1.891,3.093
ahash,images_variants/beach/quality_adjusted_80.jpg,0.5298,2.704,2.798
ahash,images/cho-shiba-mau-nau.png,0.712,15.085,17.123
ahash,images_variants/cho-shiba-mau-nau/altered.png,0.712,9.049,10.216
ahash,images_variants/cho-shiba-mau-nau/grayscale.png,0.712,6.977,8.587
ahash,images_variants/cho-shiba-mau-nau/covered.png,0.712,14.887,15.303
ahash,images_variants/cho-shiba-mau-nau/dropout.png,0.712,14.061,14.894
ahash,images_variants/cho-shiba-mau-nau/blurred.png,0.712,12.392,14.539
ahash,images_variants/cho-shiba-mau-nau/brightened.png,0.712,10.524,11.971
ahash,images_variants/cho-shiba-mau-nau/darkened.png,0.712,15.371,16.606
ahash,images_variants/cho-shiba-mau-nau/resized.png,0.178,4.424,4.78
ahash,images_variants/cho-shiba-mau-nau/resized_up.png,2.848,61.804,72.157
ahash,images_variants/cho-shiba-mau-nau/contrasted.png,0.712,17.127,15.128
ahash,images_variants/cho-shiba-mau-nau/filtered.png,0.712,10.915,11.461
ahash,images_variants/cho-shiba-mau-nau/channel_shifted.png,0.712,15.967,15.748
ahash,images_variants/cho-shiba-mau-nau/cropped10.png,0.4557,10.042,10.474
ahash,images_variants/cho-shiba-mau-nau/cropped20.png,0.2563,5.295,5.568
ahash,images_variants/cho-shiba-mau-nau/cropped30.png,0.1139,2.729,2.823
ahash,images_variants/cho-shiba-mau-nau/quality_adjusted_20.jpg,0.712,2.405,4.307
ahash,images_variants/cho-shiba-mau-nau/quality_adjusted_50.jpg,0.712,2.85,4.541
ahash,images_variants/cho-shiba-mau-nau/quality_adjusted_80.jpg,0.712,3.847,4.708
ahash,images/corgi.jpg,0.1997,1.051,1.273
ahash,images_variants/corgi/altered.png,0.1997,2.468,2.871
ahash,images_variants/corgi/grayscale.png,0.1997,1.74,1.94
ahash,images_variants/corgi/covered.png,0.1997,3.554,4.327
ahash,images_variants/corgi/dropout.png,0.1997,3.705,3.612
ahash,images_variants/corgi/blurred.png,0.1997,3.316,3.973
ahash,images_variants/corgi/brightened.png,0.1997,4.101,4.323
ahash,images_variants/corgi/darkened.png,0.1997,3.998,4.092
ahash,images_variants/corgi/resized.png,0.0498,1.278,1.53
ahash,images_variants/corgi/resized_up.png,0.7989,12.662,14.112
ahash,images_variants/corgi/contrasted.png,0.1997,5.065,4.135
ahash,images_variants/corgi/filtered.png,0.1997,4.793,4.574
ahash,images_variants/corgi/channel_shifted.png,0.1997,4.347,4.27
ahash,images_variants/corgi/cropped10.png,0.1277,2.652,2.596
ahash,images_variants/corgi/cropped20.png,0.0716,2.277,2.022
ahash,images_variants/corgi/cropped30.png,0.032,0.913,0.955
ahash,images_variants/corgi/quality_adjusted_20.jpg,0.1997,0.526,0.852
ahash,images_variants/corgi/quality_adjusted_50.jpg,0.1997,0.64,0.915
ahash,images_variants/corgi/quality_adjusted_80.jpg,0.1997,0.658,0.91
ahash,images/db10fa12e5d8164680ffd17b1b64fc1f.jpg,0.0505,0.598,1.041
ahash,images_variants/db10fa12e5d8164680ffd17b1b64fc1f/altered.png,0.0505,1.565,1.049
ahash,images_variants/db10fa12e5d8164680ffd17b1b64fc1f/grayscale.png,0.0505,0.872,0.855
ahash,images_variants/db10fa12e5d8164680ffd17b1b64fc1f/covered.png,0.0505,1.245,1.282
ahash,images_variants/db10fa12e5d8164680ffd17b1b64fc1f/dropout.png,0.0505,1.179,1.19
ahash,images_variants/db10fa12e5d8164680ffd17b1b64fc1f/blurred.png,0.0505,1.347,1.427
ahash,images_variants/db10fa12e5d8164680ffd17b1b64fc1f/brightened.png,0.0505,1.9,1.452
ahash,images_variants/db10fa12e5d8164680ffd17b1b64fc1f/darkened.png,0.0505,1.491,1.349
ahash,images_variants/db10fa12e5d8164680ffd17b1b64fc1f/resized.png,0.0126,1.713,0.651
ahash,images_variants/db10fa12e5d8164680ffd17b1b64fc1f/resized_up.png,0.2018,4.669,4.235
ahash,images_variants/db10fa12e5d8164680ffd17b1b64fc1f/contrasted.png,0.0505,1.978,1.472
ahash,images_variants/db10fa12e5d8164680ffd17b1b64fc1f/filtered.png,0.0505,1.467,1.859
ahash,images_variants/db10fa12e5d8164680ffd17b1b64fc1f/channel_shifted.png,0.0505,1.388,1.387
ahash,images_variants/db10fa12e5d8164680ffd17b1b64fc1f/cropped10.png,0.0323,1.305,1.005
ahash,images_variants/db10fa12e5d8164680ffd17b1b64fc1f/cropped20.png,0.0182,0.639,0.776
ahash,images_variants/db10fa12e5d8164680ffd17b1b64fc1f/cropped30.png,0.0081,0.413,0.449
ahash,images_variants/db10fa12e5d8164680ffd17b1b64fc1f/quality_adjusted_20.jpg,0.0505,0.328,0.434
ahash,images_variants/db10fa12e5d8164680ffd17b1b64fc1f/quality_adjusted_50.jpg,0.0505,0.309,0.545
ahash,images_variants/db10fa12e5d8164680ffd17b1b64fc1f/quality_adjusted_80.jpg,0.0505,0.332,0.599
ahash,images/dragon-bridge.png,0.4598,7.918,9.553
ahash,images_variants/dragon-bridge/altered.png,0.4598,6.338,6.282
ahash,images_variants/dragon-bridge/grayscale.png,0.4598,3.649,4.48
ahash,images_variants/dragon-bridge/covered.png,0.4598,8.86,9.056
ahash,images_variants/dragon-bridge/dropout.png,0.4598,7.639,9.606
ahash,images_variants/dragon-bridge/blurred.png,0.4598,7.898,11.832
ahash,images_variants/dragon-bridge/brightened.png,0.4598,8.526,16.496
ahash,images_variants/dragon-bridge/darkened.png,0.4598,9.183,12.469
ahash,images_variants/dragon-bridge/resized.png,0.115,2.575,4.521
ahash,images_variants/dragon-bridge/resized_up.png,1.8393,35.422,43.057
ahash,images_variants/dragon-bridge/contrasted.png,0.4598,8.99,11.636
ahash,images_variants/dragon-bridge/filtered.png,0.4598,7.414,8.375
ahash,images_variants/dragon-bridge/channel_shifted.png,0.4598,9.774,11.281
ahash,images_variants/dragon-bridge/cropped10.png,0.2942,8.21,7.36
ahash,images_variants/dragon-bridge/cropped20.png,0.1658,4.776,3.531
ahash,images_variants/dragon-bridge/cropped30.png,0.0734,2.576,2.285
ahash,images_variants/dragon-bridge/quality_adjusted_20.jpg,0.4598,3.277,2.28
ahash,images_variants/dragon-bridge/quality_adjusted_50.jpg,0.4598,3.3,2.93
ahash,images_variants/dragon-bridge/quality_adjusted_80.jpg,0.4598,4.598,3.076
ahash,images/golden_bridge.webp,0.7864,28.726,18.273
ahash,images_variants/golden_bridge/altered.png,0.7864,14.375,11.66
ahash,images_variants/golden_bridge/grayscale.png,0.7864,8.965,8.392
ahash,images_variants/golden_bridge/covered.png,0.7864,19.6,17.088
ahash,images_variants/golden_bridge/dropout.png,0.7864,16.296,16.162
ahash,images_variants/golden_bridge/blurred.png,0.7864,14.803,17.726
ahash,images_variants/golden_bridge/brightened.png,0.7864,16.53,19.831
ahash,images_variants/golden_bridge/darkened.png,0.7864,16.97,19.041
ahash,images_variants/golden_bridge/resized.png,0.1966,5.45,5.007
ahash,images_variants/golden_bridge/resized_up.png,3.1457,56.298,96.129
ahash,images_variants/golden_bridge/contrasted.png,0.7864,21.972,27.997
ahash,images_variants/golden_bridge/filtered.png,0.7864,16.567,26.222
ahash,images_variants/golden_bridge/channel_shifted.png,0.7864,17.796,29.677
ahash,images_variants/golden_bridge/cropped10.png,0.5037,19.934,18.474
ahash,images_variants/golden_bridge/cropped20.png,0.2835,10.696,10.923
ahash,images_variants/golden_bridge/cropped30.png,0.1256,5.251,5.991
ahash,images_variants/golden_bridge/quality_adjusted_20.jpg,0.7864,4.498,7.052
ahash,images_variants/golden_bridge/quality_adjusted_50.jpg,0.7864,5.191,6.827
ahash,images_variants/golden_bridge/quality_adjusted_80.jpg,0.7864,5.37,7.755
ahash,images/images.jpg,0.1998,2.161,2.502
ahash,images_variants/images/altered.png,0.1998,4.037,4.859
ahash,images_variants/images/grayscale.png,0.1998,3.073,4.082
ahash,images_variants/images/covered.png,0.1998,5.913,7.373
ahash,images_variants/images/dropout.png,0.1998,5.25,6.577
ahash,images_variants/images/blurred.png,0.1998,6.261,6.301
ahash,images_variants/images/brightened.png,0.1998,6.664,6.997
ahash,images_variants/images/darkened.png,0.1998,6.979,6.823
ahash,images_variants/images/resized.png,0.0497,2.504,2.873
ahash,images_variants/images/resized_up.png,0.7992,21.59,22.705
ahash,images_variants/images/contrasted.png,0.1998,7.401,6.634
ahash,images_variants/images/filtered.png,0.1998,7.704,7.589
ahash,images_variants/images/channel_shifted.png,0.1998,5.336,7.598
ahash,images_variants/images/cropped10.png,0.1282,4.771,4.601
ahash,images_variants/images/cropped20.png,0.0718,2.916,3.541
ahash,images_variants/images/cropped30.png,0.0317,1.901,1.623
ahash,images_variants/images/quality_adjusted_20.jpg,0.1998,0.948,1.424
ahash,images_variants/images/quality_adjusted_50.jpg,0.1998,1.027,1.582
ahash,images_variants/images/quality_adjusted_80.jpg,0.1998,1.274,1.902
ahash,images/IMG_5480-1-960x600.jpeg,0.576,3.413,5.017
ahash,images_variants/IMG_5480-1-960x600/altered.png,0.576,10.618,11.803
ahash,images_variants/IMG_5480-1-960x600/grayscale.png,0.576,8.457,8.766
ahash,images_variants/IMG_5480-1-960x600/covered.png,0.576,16.227,15.665
ahash,images_variants/IMG_5480-1-960x600/dropout.png,0.576,16.039,14.576
ahash,images_variants/IMG_5480-1-960x600/blurred.png,0.576,16.78,17.598
ahash,images_variants/IMG_5480-1-960x600/brightened.png,0.576,17.139,16.388
ahash,images_variants/IMG_5480-1-960x600/darkened.png,0.576,18.126,16.886
ahash,images_variants/IMG_5480-1-960x600/resized.png,0.144,6.705,5.043
ahash,images_variants/IMG_5480-1-960x600/resized_up.png,2.304,59.054,55.923
ahash,images_variants/IMG_5480-1-960x600/contrasted.png,0.576,12.617,15.379
ahash,images_variants/IMG_5480-1-960x600/filtered.png,0.576,16.48,16.779
ahash,images_variants/IMG_5480-1-960x600/channel_shifted.png,0.576,15.3,16.311
ahash,images_variants/IMG_5480-1-960x600/cropped10.png,0.3686,10.916,11.208
ahash,images_variants/IMG_5480-1-960x600/cropped20.png,0.2074,6.47,6.974
ahash,images_variants/IMG_5480-1-960x600/cropped30.png,0.0922,3.14,4.341
ahash,images_variants/IMG_5480-1-960x600/quality_adjusted_20.jpg,0.576,3.367,5.58
ahash,images_variants/IMG_5480-1-960x600/quality_adjusted_50.jpg,0.576,3.639,4.398
ahash,images_variants/IMG_5480-1-960x600/quality_adjusted_80.jpg,0.576,4.099,4.065
ahash,images/shiba-da-nang.png,0.2752,9.118,9.97
ahash,images_variants/shiba-da-nang/altered.png,0.2752,7.631,7.861
ahash,images_variants/shiba-da-nang/grayscale.png,0.2752,4.587,4.4
ahash,images_variants/shiba-da-nang/covered.png,0.2752,9.185,8.274
ahash,images_variants/shiba-da-nang/dropout.png,0.2752,9.273,8.266
ahash,images_variants/shiba-da-nang/blurred.png,0.2752,8.571,7.997
ahash,images_variants/shiba-da-nang/brightened.png,0.2752,8.704,9.421
ahash,images_variants/shiba-da-nang/darkened.png,0.2752,7.713,8.427
ahash,images_variants/shiba-da-nang/resized.png,0.0687,3.517,3.559
ahash,images_variants/shiba-da-nang/resized_up.png,1.1008,28.135,30.771
ahash,images_variants/shiba-da-nang/contrasted.png,0.2752,9.282,10.692
ahash,images_variants/shiba-da-nang/filtered.png,0.2752,10.717,12.626
ahash,images_variants/shiba-da-nang/channel_shifted.png,0.2752,9.738,10.612
ahash,images_variants/shiba-da-nang/cropped10.png,0.1763,6.386,10.571
ahash,images_variants/shiba-da-nang/cropped20.png,0.0992,4.327,5.608
ahash,images_variants/shiba-da-nang/cropped30.png,0.0441,2.267,3.408
ahash,images_variants/shiba-da-nang/quality_adjusted_20.jpg,0.2752,2.602,4.82
ahash,images_variants/shiba-da-nang/quality_adjusted_50.jpg,0.2752,2.038,3.762
ahash,images_variants/shiba-da-nang/quality_adjusted_80.jpg,0.2752,2.846,5.759
ahash,images/Shiba.jpg,0.308,4.599,11.13
ahash,images_variants/Shiba/altered.png,0.308,6.359,9.719
ahash,images_variants/Shiba/grayscale.png,0.308,2.73,5.968
ahash,images_variants/Shiba/covered.png,0.308,5.975,11.39
ahash,images_variants/Shiba/dropout.png,0.308,5.587,11.151
ahash,images_variants/Shiba/blurred.png,0.308,5.9,9.03
ahash,images_variants/Shiba/brightened.png,0.308,4.259,8.205
ahash,images_variants/Shiba/darkened.png,0.308,7.157,12.705
ahash,images_variants/Shiba/resized.png,0.0768,1.687,3.54
ahash,images_variants/Shiba/resized_up.png,1.2319,24.142,37.654
ahash,images_variants/Shiba/contrasted.png,0.308,7.822,8.222
ahash,images_variants/Shiba/filtered.png,0.308,6.418,7.371
ahash,images_variants/Shiba/channel_shifted.png,0.308,7.272,9.491
ahash,images_variants/Shiba/cropped10.png,0.1973,6.129,8.518
ahash,images_variants/Shiba/cropped20.png,0.1109,3.073,5.317
ahash,images_variants/Shiba/cropped30.png,0.0492,1.658,2.885
ahash,images_variants/Shiba/quality_adjusted_20.jpg,0.308,1.886,4.001
ahash,images_variants/Shiba/quality_adjusted_50.jpg,0.308,1.498,3.81
ahash,images_variants/Shiba/quality_adjusted_80.jpg,0.308,3.432,3.642
ahash,images/threecolorcorgi.jpg,0.1999,1.349,3.442
ahash,images_variants/threecolorcorgi/altered.png,0.1999,4.644,6.696
ahash,images_variants/threecolorcorgi/grayscale.png,0.1999,3.719,5.099
ahash,images_variants/threecolorcorgi/covered.png,0.1999,6.014,9.547
ahash,images_variants/threecolorcorgi/dropout.png,0.1999,5.549,11.085
ahash,images_variants/threecolorcorgi/blurred.png,0.1999,5.753,8.861
ahash,images_variants/threecolorcorgi/brightened.png,0.1999,6.371,9.718
ahash,images_variants/threecolorcorgi/darkened.png,0.1999,6.201,10.599
ahash,images_variants/threecolorcorgi/resized.png,0.0498,2.075,3.594
ahash,images_variants/threecolorcorgi/resized_up.png,0.7996,18.477,28.228
ahash,images_variants/threecolorcorgi/contrasted.png,0.1999,5.42,8.68
ahash,images_variants/threecolorcorgi/filtered.png,0.1999,5.928,8.781
ahash,images_variants/threecolorcorgi/channel_shifted.png,0.1999,5.299,7.517
ahash,images_variants/threecolorcorgi/cropped10.png,0.1278,3.947,6.281
ahash,images_variants/threecolorcorgi/cropped20.png,0.0719,3.014,4.533
ahash,images_variants/threecolorcorgi/cropped30.png,0.0322,2.011,2.484
ahash,images_variants/threecolorcorgi/quality_adjusted_20.jpg,0.1999,1.166,4.104
ahash,images_variants/threecolorcorgi/quality_adjusted_50.jpg,0.1999,1.3,6.523
ahash,images_variants/threecolorcorgi/quality_adjusted_80.jpg,0.1999,1.708,5.394
phash,images/beach.jpg,0.5298,9.603,18.949
phash,images_variants/beach/altered.png,0.5298,6.884,14.05
phash,images_variants/beach/grayscale.png,0.5298,3.907,8.835
phash,images_variants/beach/covered.png,0.5298,8.596,16.372
phash,images_variants/beach/dropout.png,0.5298,9.549,17.678
phash,images_variants/beach/blurred.png,0.5298,9.072,16.77
phash,images_variants/beach/brightened.png,0.5298,9.286,17.132
phash,images_variants/beach/darkened.png,0.5298,9.554,16.432
phash,images_variants/beach/resized.png,0.1323,2.882,4.413
phash,images_variants/beach/resized_up.png,2.1193,39.514,67.267
phash,images_variants/beach/contrasted.png,0.5298,9.86,18.662
phash,images_variants/beach/filtered.png,0.5298,8.537,14.512
phash,images_variants/beach/channel_shifted.png,0.5298,9.372,16.42
phash,images_variants/beach/cropped10.png,0.3387,6.582,11.276
phash,images_variants/beach/cropped20.png,0.1905,3.319,7.829
phash,images_variants/beach/cropped30.png,0.0847,1.926,4.017
phash,images_variants/beach/quality_adjusted_20.jpg,0.5298,1.582,5.16
phash,images_variants/beach/quality_adjusted_50.jpg,0.5298,1.891,5.171
phash,images_variants/beach/quality_adjusted_80.jpg,0.5298,2.704,7.32
phash,images/cho-shiba-mau-nau.png,0.712,15.085,38.248
phash,images_variants/cho-shiba-mau-nau/altered.png,0.712,9.049,21.375
phash,images_variants/cho-shiba-mau-nau/grayscale.png,0.712,6.977,13.758
phash,images_variants/cho-shiba-mau-nau/covered.png,0.712,14.887,27.772
phash,images_variants/cho-shiba-mau-nau/dropout.png,0.712,14.061,25.464
phash,images_variants/cho-shiba-mau-nau/blurred.png,0.712,12.392,22.755
phash,images_variants/cho-shiba-mau-nau/brightened.png,0.712,10.524,20.797
phash,images_variants/cho-shiba-mau-nau/darkened.png,0.712,15.371,31.644
phash,images_variants/cho-shiba-mau-nau/resized.png,0.178,4.424,8.759
phash,images_variants/cho-shiba-mau-nau/resized_up.png,2.848,61.804,163.206
phash,images_variants/cho-shiba-mau-nau/contrasted.png,0.712,17.127,35.41
phash,images_variants/cho-shiba-mau-nau/filtered.png,0.712,10.915,23.241
phash,images_variants/cho-shiba-mau-nau/channel_shifted.png,0.712,15.967,33.964
phash,images_variants/cho-shiba-mau-nau/cropped10.png,0.4557,10.042,21.349
phash,images_variants/cho-shiba-mau-nau/cropped20.png,0.2563,5.295,11.945
phash,images_variants/cho-shiba-mau-nau/cropped30.png,0.1139,2.729,6.586
phash,images_variants/cho-shiba-mau-nau/quality_adjusted_20.jpg,0.712,2.405,7.606
phash,images_variants/cho-shiba-mau-nau/quality_adjusted_50.jpg,0.712,2.85,9.28
phash,images_variants/cho-shiba-mau-nau/quality_adjusted_80.jpg,0.712,3.847,9.744
phash,images/corgi.jpg,0.1997,1.051,2.874
phash,images_variants/corgi/altered.png,0.1997,2.468,6.345
phash,images_variants/corgi/grayscale.png,0.1997,1.74,4.679
phash,images_variants/corgi/covered.png,0.1997,3.554,8.467
phash,images_variants/corgi/dropout.png,0.1997,3.705,7.918
phash,images_variants/corgi/blurred.png,0.1997,3.316,9.318
phash,images_variants/corgi/brightened.png,0.1997,4.101,10.554
phash,images_variants/corgi/darkened.png,0.1997,3.998,9.531
phash,images_variants/corgi/resized.png,0.0498,1.278,3.366
phash,images_variants/corgi/resized_up.png,0.7989,12.662,30.843
phash,images_variants/corgi/contrasted.png,0.1997,5.065,8.317
phash,images_variants/corgi/filtered.png,0.1997,4.793,9.413
phash,images_variants/corgi/channel_shifted.png,0.1997,4.347,8.725
phash,images_variants/corgi/cropped10.png,0.1277,2.652,5.469
phash,images_variants/corgi/cropped20.png,0.0716,2.277,3.57
phash,images_variants/corgi/cropped30.png,0.032,0.913,2.316
phash,images_variants/corgi/quality_adjusted_20.jpg,0.1997,0.526,3.267
phash,images_variants/corgi/quality_adjusted_50.jpg,0.1997,0.64,2.279
phash,images_variants/corgi/quality_adjusted_80.jpg,0.1997,0.658,3.904
phash,images/db10fa12e5d8164680ffd17b1b64fc1f.jpg,0.0505,0.598,1.706
phash,images_variants/db10fa12e5d8164680ffd17b1b64fc1f/altered.png,0.0505,1.565,2.907
phash,images_variants/db10fa12e5d8164680ffd17b1b64fc1f/grayscale.png,0.0505,0.872,2.022
phash,images_variants/db10fa12e5d8164680ffd17b1b64fc1f/covered.png,0.0505,1.245,3.323
phash,images_variants/db10fa12e5d8164680ffd17b1b64fc1f/dropout.png,0.0505,1.179,2.56
phash,images_variants/db10fa12e5d8164680ffd17b1b64fc1f/blurred.png,0.0505,1.347,2.36
phash,images_variants/db10fa12e5d8164680ffd17b1b64fc1f/brightened.png,0.0505,1.9,2.61
phash,images_variants/db10fa12e5d8164680ffd17b1b64fc1f/darkened.png,0.0505,1.491,2.834
phash,images_variants/db10fa12e5d8164680ffd17b1b64fc1f/resized.png,0.0126,1.713,1.541
phash,images_variants/db10fa12e5d8164680ffd17b1b64fc1f/resized_up.png,0.2018,4.669,7.839
phash,images_variants/db10fa12e5d8164680ffd17b1b64fc1f/contrasted.png,0.0505,1.978,2.611
phash,images_variants/db10fa12e5d8164680ffd17b1b64fc1f/filtered.png,0.0505,1.467,3.722
phash,images_variants/db10fa12e5d8164680ffd17b1b64fc1f/channel_shifted.png,0.0505,1.388,3.105
phash,images_variants/db10fa12e5d8164680ffd17b1b64fc1f/cropped10.png,0.0323,1.305,2.721
phash,images_variants/db10fa12e5d8164680ffd17b1b64fc1f/cropped20.png,0.0182,0.639,1.309
phash,images_variants/db10fa12e5d8164680ffd17b1b64fc1f/cropped30.png,0.0081,0.413,1.308
phash,images_variants/db10fa12e5d8164680ffd17b1b64fc1f/quality_adjusted_20.jpg,0.0505,0.328,1.18
phash,images_variants/db10fa12e5d8164680ffd17b1b64fc1f/quality_adjusted_50.jpg,0.0505,0.309,1.258
phash,images_variants/db10fa12e5d8164680ffd17b1b64fc1f/quality_adjusted_80.jpg,0.0505,0.332,1.134
phash,images/dragon-bridge.png,0.4598,7.918,15.203
phash,images_variants/dragon-bridge/altered.png,0.4598,6.338,12.605
phash,images_variants/dragon-bridge/grayscale.png,0.4598,3.649,8.333
phash,images_variants/dragon-bridge/covered.png,0.4598,8.86,15.923
phash,images_variants/dragon-bridge/dropout.png,0.4598,7.639,18.251
phash,images_variants/dragon-bridge/blurred.png,0.4598,7.898,16.385
phash,images_variants/dragon-bridge/brightened.png,0.4598,8.526,17.753
phash,images_variants/dragon-bridge/darkened.png,0.4598,9.183,17.888
phash,images_variants/dragon-bridge/resized.png,0.115,2.575,6.041
phash,images_variants/dragon-bridge/resized_up.png,1.8393,35.422,66.948
phash,images_variants/dragon-bridge/contrasted.png,0.4598,8.99,15.811
phash,images_variants/dragon-bridge/filtered.png,0.4598,7.414,13.76
phash,images_variants/dragon-bridge/channel_shifted.png,0.4598,9.774,16.648
phash,images_variants/dragon-bridge/cropped10.png,0.2942,8.21,10.399
phash,images_variants/dragon-bridge/cropped20.png,0.1658,4.776,7.221
phash,images_variants/dragon-bridge/cropped30.png,0.0734,2.576,4.199
phash,images_variants/dragon-bridge/quality_adjusted_20.jpg,0.4598,3.277,4.156
phash,images_variants/dragon-bridge/quality_adjusted_50.jpg,0.4598,3.3,4.338
phash,images_variants/dragon-bridge/quality_adjusted_80.jpg,0.4598,4.598,5.702
phash,images/golden_bridge.webp,0.7864,28.726,30.953
phash,images_variants/golden_bridge/altered.png,0.7864,14.375,18.468
phash,images_variants/golden_bridge/grayscale.png,0.7864,8.965,12.727
phash,images_variants/golden_bridge/covered.png,0.7864,19.6,24.971
phash,images_variants/golden_bridge/dropout.png,0.7864,16.296,23.223
phash,images_variants/golden_bridge/blurred.png,0.7864,14.803,22.177
phash,images_variants/golden_bridge/brightened.png,0.7864,16.53,23.569
phash,images_variants/golden_bridge/darkened.png,0.7864,16.97,25.161
phash,images_variants/golden_bridge/resized.png,0.1966,5.45,9.403
phash,images_variants/golden_bridge/resized_up.png,3.1457,56.298,102.847
phash,images_variants/golden_bridge/contrasted.png,0.7864,21.972,30.039
phash,images_variants/golden_bridge/filtered.png,0.7864,16.567,28.102
phash,images_variants/golden_bridge/channel_shifted.png,0.7864,17.796,35.795
phash,images_variants/golden_bridge/cropped10.png,0.5037,19.934,20.335
phash,images_variants/golden_bridge/cropped20.png,0.2835,10.696,13.195
phash,images_variants/golden_bridge/cropped30.png,0.1256,5.251,6.416
phash,images_variants/golden_bridge/quality_adjusted_20.jpg,0.7864,4.498,6.025
phash,images_variants/golden_bridge/quality_adjusted_50.jpg,0.7864,5.191,8.665
phash,images_variants/golden_bridge/quality_adjusted_80.jpg,0.7864,5.37,9.517
phash,images/images.jpg,0.1998,2.161,2.621
phash,images_variants/images/altered.png,0.1998,4.037,5.895
phash,images_variants/images/grayscale.png,0.1998,3.073,4.338
phash,images_variants/images/covered.png,0.1998,5.913,8.892
phash,images_variants/images/dropout.png,0.1998,5.25,6.706
phash,images_variants/images/blurred.png,0.1998,6.261,6.221
phash,images_variants/images/brightened.png,0.1998,6.664,7.561
phash,images_variants/images/darkened.png,0.1998,6.979,6.467
phash,images_variants/images/resized.png,0.0497,2.504,2.377
phash,images_variants/images/resized_up.png,0.7992,21.59,23.843
phash,images_variants/images/contrasted.png,0.1998,7.401,7.079
phash,images_variants/images/filtered.png,0.1998,7.704,6.972
phash,images_variants/images/channel_shifted.png,0.1998,5.336,7.059
phash,images_variants/images/cropped10.png,0.1282,4.771,5.685
phash,images_variants/images/cropped20.png,0.0718,2.916,2.981
phash,images_variants/images/cropped30.png,0.0317,1.901,2.372
phash,images_variants/images/quality_adjusted_20.jpg,0.1998,0.948,1.587
phash,images_variants/images/quality_adjusted_50.jpg,0.1998,1.027,1.691
phash,images_variants/images/quality_adjusted_80.jpg,0.1998,1.274,1.934
phash,images/IMG_5480-1-960x600.jpeg,0.576,3.413,4.494
phash,images_variants/IMG_5480-1-960x600/altered.png,0.576,10.618,12.77
phash,images_variants/IMG_5480-1-960x600/grayscale.png,0.576,8.457,9.385
phash,images_variants/IMG_5480-1-960x600/covered.png,0.576,16.227,15.63
phash,images_variants/IMG_5480-1-960x600/dropout.png,0.576,16.039,15.326
phash,images_variants/IMG_5480-1-960x600/blurred.png,0.576,16.78,16.181
phash,images_variants/IMG_5480-1-960x600/brightened.png,0.576,17.139,17.886
phash,images_variants/IMG_5480-1-960x600/darkened.png,0.576,18.126,15.544
phash,images_variants/IMG_5480-1-960x600/resized.png,0.144,6.705,5.061
phash,images_variants/IMG_5480-1-960x600/resized_up.png,2.304,59.054,55.256
phash,images_variants/IMG_5480-1-960x600/contrasted.png,0.576,12.617,16.974
phash,images_variants/IMG_5480-1-960x600/filtered.png,0.576,16.48,18.926
phash,images_variants/IMG_5480-1-960x600/channel_shifted.png,0.576,15.3,17.328
phash,images_variants/IMG_5480-1-960x600/cropped10.png,0.3686,10.916,12.026
phash,images_variants/IMG_5480-1-960x600/cropped20.png,0.2074,6.47,6.666
phash,images_variants/IMG_5480-1-960x600/cropped30.png,0.0922,3.14,3.455
phash,images_variants/IMG_5480-1-960x600/quality_adjusted_20.jpg,0.576,3.367,4.232
phash,images_variants/IMG_5480-1-960x600/quality_adjusted_50.jpg,0.576,3.639,6.47
phash,images_variants/IMG_5480-1-960x600/quality_adjusted_80.jpg,0.576,4.099,6.414
phash,images/shiba-da-nang.png,0.2752,9.118,11.53
phash,images_variants/shiba-da-nang/altered.png,0.2752,7.631,10.147
phash,images_variants/shiba-da-nang/grayscale.png,0.2752,4.587,5.45
phash,images_variants/shiba-da-nang/covered.png,0.2752,9.185,10.987
phash,images_variants/shiba-da-nang/dropout.png,0.2752,9.273,8.448
phash,images_variants/shiba-da-nang/blurred.png,0.2752,8.571,9.82
phash,images_variants/shiba-da-nang/brightened.png,0.2752,8.704,8.665
phash,images_variants/shiba-da-nang/darkened.png,0.2752,7.713,9.724
phash,images_variants/shiba-da-nang/resized.png,0.0687,3.517,3.079
phash,images_variants/shiba-da-nang/resized_up.png,1.1008,28.135,32.315
phash,images_variants/shiba-da-nang/contrasted.png,0.2752,9.282,10.947
phash,images_variants/shiba-da-nang/filtered.png,0.2752,10.717,11.419
phash,images_variants/shiba-da-nang/channel_shifted.png,0.2752,9.738,10.643
phash,images_variants/shiba-da-nang/cropped10.png,0.1763,6.386,7.257
phash,images_variants/shiba-da-nang/cropped20.png,0.0992,4.327,4.383
phash,images_variants/shiba-da-nang/cropped30.png,0.0441,2.267,2.112
phash,images_variants/shiba-da-nang/quality_adjusted_20.jpg,0.2752,2.602,3.648
phash,images_variants/shiba-da-nang/quality_adjusted_50.jpg,0.2752,2.038,2.75
phash,images_variants/shiba-da-nang/quality_adjusted_80.jpg,0.2752,2.846,2.994
phash,images/Shiba.jpg,0.308,4.599,7.644
phash,images_variants/Shiba/altered.png,0.308,6.359,7.011
phash,images_variants/Shiba/grayscale.png,0.308,2.73,3.646
phash,images_variants/Shiba/covered.png,0.308,5.975,6.365
phash,images_variants/Shiba/dropout.png,0.308,5.587,6.98
phash,images_variants/Shiba/blurred.png,0.308,5.9,9.081
phash,images_variants/Shiba/brightened.png,0.308,4.259,7.326
phash,images_variants/Shiba/darkened.png,0.308,7.157,8.577
phash,images_variants/Shiba/resized.png,0.0768,1.687,2.313
phash,images_variants/Shiba/resized_up.png,1.2319,24.142,26.847
phash,images_variants/Shiba/contrasted.png,0.308,7.822,8.744
phash,images_variants/Shiba/filtered.png,0.308,6.418,8.644
phash,images_variants/Shiba/channel_shifted.png,0.308,7.272,8.429
phash,images_variants/Shiba/cropped10.png,0.1973,6.129,7.31
phash,images_variants/Shiba/cropped20.png,0.1109,3.073,4.546
phash,images_variants/Shiba/cropped30.png,0.0492,1.658,2.706
phash,images_variants/Shiba/quality_adjusted_20.jpg,0.308,1.886,2.954
phash,images_variants/Shiba/quality_adjusted_50.jpg,0.308,1.498,2.899
phash,images_variants/Shiba/quality_adjusted_80.jpg,0.308,3.432,2.654
phash,images/threecolorcorgi.jpg,0.1999,1.349,2.819
phash,images_variants/threecolorcorgi/altered.png,0.1999,4.644,5.707
phash,images_variants/threecolorcorgi/grayscale.png,0.1999,3.719,4.2
phash,images_variants/threecolorcorgi/covered.png,0.1999,6.014,7.28
phash,images_variants/threecolorcorgi/dropout.png,0.1999,5.549,7.063
phash,images_variants/threecolorcorgi/blurred.png,0.1999,5.753,7.932
phash,images_variants/threecolorcorgi/brightened.png,0.1999,6.371,8.246
phash,images_variants/threecolorcorgi/darkened.png,0.1999,6.201,7.866
phash,images_variants/threecolorcorgi/resized.png,0.0498,2.075,2.87
phash,images_variants/threecolorcorgi/resized_up.png,0.7996,18.477,23.256
phash,images_variants/threecolorcorgi/contrasted.png,0.1999,5.42,7.873
phash,images_variants/threecolorcorgi/filtered.png,0.1999,5.928,9.083
phash,images_variants/threecolorcorgi/channel_shifted.png,0.1999,5.299,9.452
phash,images_variants/threecolorcorgi/cropped10.png,0.1278,3.947,4.731
phash,images_variants/threecolorcorgi/cropped20.png,0.0719,3.014,3.0
phash,images_variants/threecolorcorgi/cropped30.png,0.0322,2.011,1.745
phash,images_variants/threecolorcorgi/quality_adjusted_20.jpg,0.1999,1.166,2.311
phash,images_variants/threecolorcorgi/quality_adjusted_50.jpg,0.1999,1.3,2.768
phash,images_variants/threecolorcorgi/quality_adjusted_80.jpg,0.1999,1.708,2.417
dhash,images/beach.jpg,0.5298,9.603,16.902
dhash,images_variants/beach/altered.png,0.5298,6.884,14.071
dhash,images_variants/beach/grayscale.png,0.5298,3.907,8.41
dhash,images_variants/beach/covered.png,0.5298,8.596,16.073
dhash,images_variants/beach/dropout.png,0.5298,9.549,17.236
dhash,images_variants/beach/blurred.png,0.5298,9.072,16.077
dhash,images_variants/beach/brightened.png,0.5298,9.286,16.327
dhash,images_variants/beach/darkened.png,0.5298,9.554,15.555
dhash,images_variants/beach/resized.png,0.1323,2.882,4.834
dhash,images_variants/beach/resized_up.png,2.1193,39.514,65.176
dhash,images_variants/beach/contrasted.png,0.5298,9.86,16.287
dhash,images_variants/beach/filtered.png,0.5298,8.537,15.016
dhash,images_variants/beach/channel_shifted.png,0.5298,9.372,17.285
dhash,images_variants/beach/cropped10.png,0.3387,6.582,11.397
dhash,images_variants/beach/cropped20.png,0.1905,3.319,6.437
dhash,images_variants/beach/cropped30.png,0.0847,1.926,2.726
dhash,images_variants/beach/quality_adjusted_20.jpg,0.5298,1.582,3.993
dhash,images_variants/beach/quality_adjusted_50.jpg,0.5298,1.891,4.381
dhash,images_variants/beach/quality_adjusted_80.jpg,0.5298,2.704,5.152
dhash,images/cho-shiba-mau-nau.png,0.712,15.085,27.57
dhash,images_variants/cho-shiba-mau-nau/altered.png,0.712,9.049,16.63
dhash,images_variants/cho-shiba-mau-nau/grayscale.png,0.712,6.977,14.655
dhash,images_variants/cho-shiba-mau-nau/covered.png,0.712,14.887,26.77
dhash,images_variants/cho-shiba-mau-nau/dropout.png,0.712,14.061,24.63
dhash,images_variants/cho-shiba-mau-nau/blurred.png,0.712,12.392,23.169
dhash,images_variants/cho-shiba-mau-nau/brightened.png,0.712,10.524,19.031
dhash,images_variants/cho-shiba-mau-nau/darkened.png,0.712,15.371,27.411
dhash,images_variants/cho-shiba-mau-nau/resized.png,0.178,4.424,7.784
dhash,images_variants/cho-shiba-mau-nau/resized_up.png,2.848,61.804,109.865
dhash,images_variants/cho-shiba-mau-nau/contrasted.png,0.712,17.127,27.266
dhash,images_variants/cho-shiba-mau-nau/filtered.png,0.712,10.915,18.983
dhash,images_variants/cho-shiba-mau-nau/channel_shifted.png,0.712,15.967,29.616
dhash,images_variants/cho-shiba-mau-nau/cropped10.png,0.4557,10.042,18.115
dhash,images_variants/cho-shiba-mau-nau/cropped20.png,0.2563,5.295,10.322
dhash,images_variants/cho-shiba-mau-nau/cropped30.png,0.1139,2.729,4.78
dhash,images_variants/cho-shiba-mau-nau/quality_adjusted_20.jpg,0.712,2.405,6.637
dhash,images_variants/cho-shiba-mau-nau/quality_adjusted_50.jpg,0.712,2.85,6.071
dhash,images_variants/cho-shiba-mau-nau/quality_adjusted_80.jpg,0.712,3.847,7.259
dhash,images/corgi.jpg,0.1997,1.051,2.414
dhash,images_variants/corgi/altered.png,0.1997,2.468,5.381
dhash,images_variants/corgi/grayscale.png,0.1997,1.74,3.487
dhash,images_variants/corgi/covered.png,0.1997,3.554,7.472
dhash,images_variants/corgi/dropout.png,0.1997,3.705,7.781
dhash,images_variants/corgi/blurred.png,0.1997,3.316,7.786
dhash,images_variants/corgi/brightened.png,0.1997,4.101,7.591
dhash,images_variants/corgi/darkened.png,0.1997,3.998,7.272
dhash,images_variants/corgi/resized.png,0.0498,1.278,3.328
dhash,images_variants/corgi/resized_up.png,0.7989,12.662,24.056
dhash,images_variants/corgi/contrasted.png,0.1997,5.065,8.597
dhash,images_variants/corgi/filtered.png,0.1997,4.793,8.075
dhash,images_variants/corgi/channel_shifted.png,0.1997,4.347,9.204
dhash,images_variants/corgi/cropped10.png,0.1277,2.652,5.07
dhash,images_variants/corgi/cropped20.png,0.0716,2.277,2.791
dhash,images_variants/corgi/cropped30.png,0.032,0.913,1.665
dhash,images_variants/corgi/quality_adjusted_20.jpg,0.1997,0.526,2.636
dhash,images_variants/corgi/quality_adjusted_50.jpg,0.1997,0.64,2.168
dhash,images_variants/corgi/quality_adjusted_80.jpg,0.1997,0.658,2.525
dhash,images/db10fa12e5d8164680ffd17b1b64fc1f.jpg,0.0505,0.598,1.335
dhash,images_variants/db10fa12e5d8164680ffd17b1b64fc1f/altered.png,0.0505,1.565,1.84
dhash,images_variants/db10fa12e5d8164680ffd17b1b64fc1f/grayscale.png,0.0505,0.872,1.663
dhash,images_variants/db10fa12e5d8164680ffd17b1b64fc1f/covered.png,0.0505,1.245,2.401
dhash,images_variants/db10fa12e5d8164680ffd17b1b64fc1f/dropout.png,0.0505,1.179,2.593
dhash,images_variants/db10fa12e5d8164680ffd17b1b64fc1f/blurred.png,0.0505,1.347,1.903
dhash,images_variants/db10fa12e5d8164680ffd17b1b64fc1f/brightened.png,0.0505,1.9,2.133
dhash,images_variants/db10fa12e5d8164680ffd17b1b64fc1f/darkened.png,0.0505,1.491,2.29
dhash,images_variants/db10fa12e5d8164680ffd17b1b64fc1f/resized.png,0.0126,1.713,1.045
dhash,images_variants/db10fa12e5d8164680ffd17b1b64fc1f/resized_up.png,0.2018,4.669,6.855
dhash,images_variants/db10fa12e5d8164680ffd17b1b64fc1f/contrasted.png,0.0505,1.978,2.549
dhash,images_variants/db10fa12e5d8164680ffd17b1b64fc1f/filtered.png,0.0505,1.467,2.367
dhash,images_variants/db10fa12e5d8164680ffd17b1b64fc1f/channel_shifted.png,0.0505,1.388,2.602
dhash,images_variants/db10fa12e5d8164680ffd17b1b64fc1f/cropped10.png,0.0323,1.305,1.696
dhash,images_variants/db10fa12e5d8164680ffd17b1b64fc1f/cropped20.png,0.0182,0.639,1.14
dhash,images_variants/db10fa12e5d8164680ffd17b1b64fc1f/cropped30.png,0.0081,0.413,0.77
dhash,images_variants/db10fa12e5d8164680ffd17b1b64fc1f/quality_adjusted_20.jpg,0.0505,0.328,0.909
dhash,images_variants/db10fa12e5d8164680ffd17b1b64fc1f/quality_adjusted_50.jpg,0.0505,0.309,0.946
dhash,images_variants/db10fa12e5d8164680ffd17b1b64fc1f/quality_adjusted_80.jpg,0.0505,0.332,0.718
dhash,images/dragon-bridge.png,0.4598,7.918,13.516
dhash,images_variants/dragon-bridge/altered.png,0.4598,6.338,10.39
dhash,images_variants/dragon-bridge/grayscale.png,0.4598,3.649,6.853
dhash,images_variants/dragon-bridge/covered.png,0.4598,8.86,14.673
dhash,images_variants/dragon-bridge/dropout.png,0.4598,7.639,14.441
dhash,images_variants/dragon-bridge/blurred.png,0.4598,7.898,14.295
dhash,images_variants/dragon-bridge/brightened.png,0.4598,8.526,15.533
dhash,images_variants/dragon-bridge/darkened.png,0.4598,9.183,16.039
dhash,images_variants/dragon-bridge/resized.png,0.115,2.575,5.759
dhash,images_variants/dragon-bridge/resized_up.png,1.8393,35.422,64.756
dhash,images_variants/dragon-bridge/contrasted.png,0.4598,8.99,16.137
dhash,images_variants/dragon-bridge/filtered.png,0.4598,7.414,13.471
dhash,images_variants/dragon-bridge/channel_shifted.png,0.4598,9.774,17.006
dhash,images_variants/dragon-bridge/cropped10.png,0.2942,8.21,11.264
dhash,images_variants/dragon-bridge/cropped20.png,0.1658,4.776,6.145
dhash,images_variants/dragon-bridge/cropped30.png,0.0734,2.576,3.134
dhash,images_variants/dragon-bridge/quality_adjusted_20.jpg,0.4598,3.277,3.577
dhash,images_variants/dragon-bridge/quality_adjusted_50.jpg,0.4598,3.3,4.087
dhash,images_variants/dragon-bridge/quality_adjusted_80.jpg,0.4598,4.598,4.992
dhash,images/golden_bridge.webp,0.7864,28.726,29.322
dhash,images_variants/golden_bridge/altered.png,0.7864,14.375,18.395
dhash,images_variants/golden_bridge/grayscale.png,0.7864,8.965,13.904
dhash,images_variants/golden_bridge/covered.png,0.7864,19.6,24.575
dhash,images_variants/golden_bridge/dropout.png,0.7864,16.296,23.562
dhash,images_variants/golden_bridge/blurred.png,0.7864,14.803,25.814
dhash,images_variants/golden_bridge/brightened.png,0.7864,16.53,26.108
dhash,images_variants/golden_bridge/darkened.png,0.7864,16.97,25.987
dhash,images_variants/golden_bridge/resized.png,0.1966,5.45,8.013
dhash,images_variants/golden_bridge/resized_up.png,3.1457,56.298,97.858
dhash,images_variants/golden_bridge/contrasted.png,0.7864,21.972,26.854
dhash,images_variants/golden_bridge/filtered.png,0.7864,16.567,23.564
dhash,images_variants/golden_bridge/channel_shifted.png,0.7864,17.796,26.579
dhash,images_variants/golden_bridge/cropped10.png,0.5037,19.934,16.514
dhash,images_variants/golden_bridge/cropped20.png,0.2835,10.696,10.613
dhash,images_variants/golden_bridge/cropped30.png,0.1256,5.251,4.807
dhash,images_variants/golden_bridge/quality_adjusted_20.jpg,0.7864,4.498,4.924
dhash,images_variants/golden_bridge/quality_adjusted_50.jpg,0.7864,5.191,6.827
dhash,images_variants/golden_bridge/quality_adjusted_80.jpg,0.7864,5.37,6.584
dhash,images/images.jpg,0.1998,2.161,1.72
dhash,images_variants/images/altered.png,0.1998,4.037,5.023
dhash,images_variants/images/grayscale.png,0.1998,3.073,4.307
dhash,images_variants/images/covered.png,0.1998,5.913,6.215
dhash,images_variants/images/dropout.png,0.1998,5.25,5.9
dhash,images_variants/images/blurred.png,0.1998,6.261,5.51
dhash,images_variants/images/brightened.png,0.1998,6.664,5.847
dhash,images_variants/images/darkened.png,0.1998,6.979,6.731
dhash,images_variants/images/resized.png,0.0497,2.504,2.442
dhash,images_variants/images/resized_up.png,0.7992,21.59,20.705
dhash,images_variants/images/contrasted.png,0.1998,7.401,6.685
dhash,images_variants/images/filtered.png,0.1998,7.704,7.021
dhash,images_variants/images/channel_shifted.png,0.1998,5.336,6.112
dhash,images_variants/images/cropped10.png,0.1282,4.771,4.779
dhash,images_variants/images/cropped20.png,0.0718,2.916,3.258
dhash,images_variants/images/cropped30.png,0.0317,1.901,1.641
dhash,images_variants/images/quality_adjusted_20.jpg,0.1998,0.948,1.709
dhash,images_variants/images/quality_adjusted_50.jpg,0.1998,1.027,2.018
dhash,images_variants/images/quality_adjusted_80.jpg,0.1998,1.274,1.783
dhash,images/IMG_5480-1-960x600.jpeg,0.576,3.413,4.415
dhash,images_variants/IMG_5480-1-960x600/altered.png,0.576,10.618,12.102
dhash,images_variants/IMG_5480-1-960x600/grayscale.png,0.576,8.457,8.718
dhash,images_variants/IMG_5480-1-960x600/covered.png,0.576,16.227,15.325
dhash,images_variants/IMG_5480-1-960x600/dropout.png,0.576,16.039,14.182
dhash,images_variants/IMG_5480-1-960x600/blurred.png,0.576,16.78,14.794
dhash,images_variants/IMG_5480-1-960x600/brightened.png,0.576,17.139,14.269
dhash,images_variants/IMG_5480-1-960x600/darkened.png,0.576,18.126,15.068
dhash,images_variants/IMG_5480-1-960x600/resized.png,0.144,6.705,5.545
dhash,images_variants/IMG_5480-1-960x600/resized_up.png,2.304,59.054,53.279
dhash,images_variants/IMG_5480-1-960x600/contrasted.png,0.576,12.617,14.885
dhash,images_variants/IMG_5480-1-960x600/filtered.png,0.576,16.48,17.715
dhash,images_variants/IMG_5480-1-960x600/channel_shifted.png,0.576,15.3,15.353
dhash,images_variants/IMG_5480-1-960x600/cropped10.png,0.3686,10.916,11.515
dhash,images_variants/IMG_5480-1-960x600/cropped20.png,0.2074,6.47,6.949
dhash,images_variants/IMG_5480-1-960x600/cropped30.png,0.0922,3.14,3.682
dhash,images_variants/IMG_5480-1-960x600/quality_adjusted_20.jpg,0.576,3.367,4.009
dhash,images_variants/IMG_5480-1-960x600/quality_adjusted_50.jpg,0.576,3.639,4.344
dhash,images_variants/IMG_5480-1-960x600/quality_adjusted_80.jpg,0.576,4.099,4.764
dhash,images/shiba-da-nang.png,0.2752,9.118,9.197
dhash,images_variants/shiba-da-nang/altered.png,0.2752,7.631,6.574
dhash,images_variants/shiba-da-nang/grayscale.png,0.2752,4.587,4.377
dhash,images_variants/shiba-da-nang/covered.png,0.2752,9.185,8.615
dhash,images_variants/shiba-da-nang/dropout.png,0.2752,9.273,8.767
dhash,images_variants/shiba-da-nang/blurred.png,0.2752,8.571,7.866
dhash,images_variants/shiba-da-nang/brightened.png,0.2752,8.704,8.774
dhash,images_variants/shiba-da-nang/darkened.png,0.2752,7.713,8.829
dhash,images_variants/shiba-da-nang/resized.png,0.0687,3.517,2.907
dhash,images_variants/shiba-da-nang/resized_up.png,1.1008,28.135,30.161
dhash,images_variants/shiba-da-nang/contrasted.png,0.2752,9.282,8.834
dhash,images_variants/shiba-da-nang/filtered.png,0.2752,10.717,10.649
dhash,images_variants/shiba-da-nang/channel_shifted.png,0.2752,9.738,9.04
dhash,images_variants/shiba-da-nang/cropped10.png,0.1763,6.386,6.539
dhash,images_variants/shiba-da-nang/cropped20.png,0.0992,4.327,3.825
dhash,images_variants/shiba-da-nang/cropped30.png,0.0441,2.267,1.964
dhash,images_variants/shiba-da-nang/quality_adjusted_20.jpg,0.2752,2.602,2.808
dhash,images_variants/shiba-da-nang/quality_adjusted_50.jpg,0.2752,2.038,3.158
dhash,images_variants/shiba-da-nang/quality_adjusted_80.jpg,0.2752,2.846,3.861
dhash,images/Shiba.jpg,0.308,4.599,5.681
dhash,images_variants/Shiba/altered.png,0.308,6.359,6.489
dhash,images_variants/Shiba/grayscale.png,0.308,2.73,4.444
dhash,images_variants/Shiba/covered.png,0.308,5.975,7.825
dhash,images_variants/Shiba/dropout.png,0.308,5.587,6.253
dhash,images_variants/Shiba/blurred.png,0.308,5.9,6.616
dhash,images_variants/Shiba/brightened.png,0.308,4.259,5.29
dhash,images_variants/Shiba/darkened.png,0.308,7.157,7.265
dhash,images_variants/Shiba/resized.png,0.0768,1.687,2.313
dhash,images_variants/Shiba/resized_up.png,1.2319,24.142,28.119
dhash,images_variants/Shiba/contrasted.png,0.308,7.822,7.683
dhash,images_variants/Shiba/filtered.png,0.308,6.418,6.013
dhash,images_variants/Shiba/channel_shifted.png,0.308,7.272,7.379
dhash,images_variants/Shiba/cropped10.png,0.1973,6.129,7.04
dhash,images_variants/Shiba/cropped20.png,0.1109,3.073,3.151
dhash,images_variants/Shiba/cropped30.png,0.0492,1.658,2.109
dhash,images_variants/Shiba/quality_adjusted_20.jpg,0.308,1.886,2.617
dhash,images_variants/Shiba/quality_adjusted_50.jpg,0.308,1.498,2.785
dhash,images_variants/Shiba/quality_adjusted_80.jpg,0.308,3.432,3.613
dhash,images/threecolorcorgi.jpg,0.1999,1.349,2.685
dhash,images_variants/threecolorcorgi/altered.png,0.1999,4.644,5.191
dhash,images_variants/threecolorcorgi/grayscale.png,0.1999,3.719,3.457
dhash,images_variants/threecolorcorgi/covered.png,0.1999,6.014,7.756
dhash,images_variants/threecolorcorgi/dropout.png,0.1999,5.549,7.382
dhash,images_variants/threecolorcorgi/blurred.png,0.1999,5.753,7.733
dhash,images_variants/threecolorcorgi/brightened.png,0.1999,6.371,8.309
dhash,images_variants/threecolorcorgi/darkened.png,0.1999,6.201,9.1
dhash,images_variants/threecolorcorgi/resized.png,0.0498,2.075,3.295
dhash,images_variants/threecolorcorgi/resized_up.png,0.7996,18.477,21.409
dhash,images_variants/threecolorcorgi/contrasted.png,0.1999,5.42,7.105
dhash,images_variants/threecolorcorgi/filtered.png,0.1999,5.928,7.898
dhash,images_variants/threecolorcorgi/channel_shifted.png,0.1999,5.299,6.793
dhash,images_variants/threecolorcorgi/cropped10.png,0.1278,3.947,4.859
dhash,images_variants/threecolorcorgi/cropped20.png,0.0719,3.014,2.688
dhash,images_variants/threecolorcorgi/cropped30.png,0.0322,2.011,1.685
dhash,images_variants/threecolorcorgi/quality_adjusted_20.jpg,0.1999,1.166,2.186
dhash,images_variants/threecolorcorgi/quality_adjusted_50.jpg,0.1999,1.3,2.338
dhash,images_variants/threecolorcorgi/quality_adjusted_80.jpg,0.1999,1.708,2.151
hsvhash,images/beach.jpg,0.5298,9.603,162.809
hsvhash,images_variants/beach/altered.png,0.5298,6.884,153.176
hsvhash,images_variants/beach/grayscale.png,0.5298,3.907,114.403
hsvhash,images_variants/beach/covered.png,0.5298,8.596,134.965
hsvhash,images_variants/beach/dropout.png,0.5298,9.549,128.845
hsvhash,images_variants/beach/blurred.png,0.5298,9.072,132.16
hsvhash,images_variants/beach/brightened.png,0.5298,9.286,127.544
hsvhash,images_variants/beach/darkened.png,0.5298,9.554,127.385
hsvhash,images_variants/beach/resized.png,0.1323,2.882,38.167
hsvhash,images_variants/beach/resized_up.png,2.1193,39.514,541.704
hsvhash,images_variants/beach/contrasted.png,0.5298,9.86,150.444
hsvhash,images_variants/beach/filtered.png,0.5298,8.537,142.05
hsvhash,images_variants/beach/channel_shifted.png,0.5298,9.372,130.513
hsvhash,images_variants/beach/cropped10.png,0.3387,6.582,85.339
hsvhash,images_variants/beach/cropped20.png,0.1905,3.319,48.298
hsvhash,images_variants/beach/cropped30.png,0.0847,1.926,20.025
hsvhash,images_variants/beach/quality_adjusted_20.jpg,0.5298,1.582,118.201
hsvhash,images_variants/beach/quality_adjusted_50.jpg,0.5298,1.891,121.733
hsvhash,images_variants/beach/quality_adjusted_80.jpg,0.5298,2.704,123.948
hsvhash,images/cho-shiba-mau-nau.png,0.712,15.085,192.825
hsvhash,images_variants/cho-shiba-mau-nau/altered.png,0.712,9.049,191.025
hsvhash,images_variants/cho-shiba-mau-nau/grayscale.png,0.712,6.977,143.603
hsvhash,images_variants/cho-shiba-mau-nau/covered.png,0.712,14.887,182.461
hsvhash,images_variants/cho-shiba-mau-nau/dropout.png,0.712,14.061,171.373
hsvhash,images_variants/cho-shiba-mau-nau/blurred.png,0.712,12.392,171.298
hsvhash,images_variants/cho-shiba-mau-nau/brightened.png,0.712,10.524,185.403
hsvhash,images_variants/cho-shiba-mau-nau/darkened.png,0.712,15.371,179.691
hsvhash,images_variants/cho-shiba-mau-nau/resized.png,0.178,4.424,45.348
hsvhash,images_variants/cho-shiba-mau-nau/resized_up.png,2.848,61.804,715.953
hsvhash,images_variants/cho-shiba-mau-nau/contrasted.png,0.712,17.127,175.135
hsvhash,images_variants/cho-shiba-mau-nau/filtered.png,0.712,10.915,188.026
hsvhash,images_variants/cho-shiba-mau-nau/channel_shifted.png,0.712,15.967,173.45
hsvhash,images_variants/cho-shiba-mau-nau/cropped10.png,0.4557,10.042,108.778
hsvhash,images_variants/cho-shiba-mau-nau/cropped20.png,0.2563,5.295,64.155
hsvhash,images_variants/cho-shiba-mau-nau/cropped30.png,0.1139,2.729,26.122
hsvhash,images_variants/cho-shiba-mau-nau/quality_adjusted_20.jpg,0.712,2.405,148.882
hsvhash,images_variants/cho-shiba-mau-nau/quality_adjusted_50.jpg,0.712,2.85,159.208
hsvhash,images_variants/cho-shiba-mau-nau/quality_adjusted_80.jpg,0.712,3.847,152.898
hsvhash,images/corgi.jpg,0.1997,1.051,44.159
hsvhash,images_variants/corgi/altered.png,0.1997,2.468,55.693
hsvhash,images_variants/corgi/grayscale.png,0.1997,1.74,40.318
hsvhash,images_variants/corgi/covered.png,0.1997,3.554,48.325
hsvhash,images_variants/corgi/dropout.png,0.1997,3.705,46.745
hsvhash,images_variants/corgi/blurred.png,0.1997,3.316,52.656
hsvhash,images_variants/corgi/brightened.png,0.1997,4.101,49.14
hsvhash,images_variants/corgi/darkened.png,0.1997,3.998,49.673
hsvhash,images_variants/corgi/resized.png,0.0498,1.278,11.931
hsvhash,images_variants/corgi/resized_up.png,0.7989,12.662,197.16
hsvhash,images_variants/corgi/contrasted.png,0.1997,5.065,50.223
hsvhash,images_variants/corgi/filtered.png,0.1997,4.793,51.974
hsvhash,images_variants/corgi/channel_shifted.png,0.1997,4.347,47.198
hsvhash,images_variants/corgi/cropped10.png,0.1277,2.652,29.217
hsvhash,images_variants/corgi/cropped20.png,0.0716,2.277,17.295
hsvhash,images_variants/corgi/cropped30.png,0.032,0.913,9.171
hsvhash,images_variants/corgi/quality_adjusted_20.jpg,0.1997,0.526,42.475
hsvhash,images_variants/corgi/quality_adjusted_50.jpg,0.1997,0.64,40.558
hsvhash,images_variants/corgi/quality_adjusted_80.jpg,0.1997,0.658,43.548
hsvhash,images/db10fa12e5d8164680ffd17b1b64fc1f.jpg,0.0505,0.598,10.398
hsvhash,images_variants/db10fa12e5d8164680ffd17b1b64fc1f/altered.png,0.0505,1.565,13.041
hsvhash,images_variants/db10fa12e5d8164680ffd17b1b64fc1f/grayscale.png,0.0505,0.872,9.911
hsvhash,images_variants/db10fa12e5d8164680ffd17b1b64fc1f/covered.png,0.0505,1.245,12.127
hsvhash,images_variants/db10fa12e5d8164680ffd17b1b64fc1f/dropout.png,0.0505,1.179,11.486
hsvhash,images_variants/db10fa12e5d8164680ffd17b1b64fc1f/blurred.png,0.0505,1.347,11.25
hsvhash,images_variants/db10fa12e5d8164680ffd17b1b64fc1f/brightened.png,0.0505,1.9,11.563
hsvhash,images_variants/db10fa12e5d8164680ffd17b1b64fc1f/darkened.png,0.0505,1.491,11.419
hsvhash,images_variants/db10fa12e5d8164680ffd17b1b64fc1f/resized.png,0.0126,1.713,3.976
hsvhash,images_variants/db10fa12e5d8164680ffd17b1b64fc1f/resized_up.png,0.2018,4.669,47.31
hsvhash,images_variants/db10fa12e5d8164680ffd17b1b64fc1f/contrasted.png,0.0505,1.978,11.498
hsvhash,images_variants/db10fa12e5d8164680ffd17b1b64fc1f/filtered.png,0.0505,1.467,12.515
hsvhash,images_variants/db10fa12e5d8164680ffd17b1b64fc1f/channel_shifted.png,0.0505,1.388,11.907
hsvhash,images_variants/db10fa12e5d8164680ffd17b1b64fc1f/cropped10.png,0.0323,1.305,7.706
hsvhash,images_variants/db10fa12e5d8164680ffd17b1b64fc1f/cropped20.png,0.0182,0.639,4.567
hsvhash,images_variants/db10fa12e5d8164680ffd17b1b64fc1f/cropped30.png,0.0081,0.413,3.227
hsvhash,images_variants/db10fa12e5d8164680ffd17b1b64fc1f/quality_adjusted_20.jpg,0.0505,0.328,10.365
hsvhash,images_variants/db10fa12e5d8164680ffd17b1b64fc1f/quality_adjusted_50.jpg,0.0505,0.309,9.453
hsvhash,images_variants/db10fa12e5d8164680ffd17b1b64fc1f/quality_adjusted_80.jpg,0.0505,0.332,10.518
hsvhash,images/dragon-bridge.png,0.4598,7.918,126.588
hsvhash,images_variants/dragon-bridge/altered.png,0.4598,6.338,127.954
hsvhash,images_variants/dragon-bridge/grayscale.png,0.4598,3.649,94.412
hsvhash,images_variants/dragon-bridge/covered.png,0.4598,8.86,116.59
hsvhash,images_variants/dragon-bridge/dropout.png,0.4598,7.639,115.598
hsvhash,images_variants/dragon-bridge/blurred.png,0.4598,7.898,116.551
hsvhash,images_variants/dragon-bridge/brightened.png,0.4598,8.526,116.491
hsvhash,images_variants/dragon-bridge/darkened.png,0.4598,9.183,113.112
hsvhash,images_variants/dragon-bridge/resized.png,0.115,2.575,28.468
hsvhash,images_variants/dragon-bridge/resized_up.png,1.8393,35.422,469.493
hsvhash,images_variants/dragon-bridge/contrasted.png,0.4598,8.99,133.866
hsvhash,images_variants/dragon-bridge/filtered.png,0.4598,7.414,124.199
hsvhash,images_variants/dragon-bridge/channel_shifted.png,0.4598,9.774,119.84
hsvhash,images_variants/dragon-bridge/cropped10.png,0.2942,8.21,77.01
hsvhash,images_variants/dragon-bridge/cropped20.png,0.1658,4.776,42.347
hsvhash,images_variants/dragon-bridge/cropped30.png,0.0734,2.576,17.735
hsvhash,images_variants/dragon-bridge/quality_adjusted_20.jpg,0.4598,3.277,105.149
hsvhash,images_variants/dragon-bridge/quality_adjusted_50.jpg,0.4598,3.3,104.881
hsvhash,images_variants/dragon-bridge/quality_adjusted_80.jpg,0.4598,4.598,108.932
hsvhash,images/golden_bridge.webp,0.7864,28.726,191.425
hsvhash,images_variants/golden_bridge/altered.png,0.7864,14.375,211.968
hsvhash,images_variants/golden_bridge/grayscale.png,0.7864,8.965,161.537
hsvhash,images_variants/golden_bridge/covered.png,0.7864,19.6,180.82
hsvhash,images_variants/golden_bridge/dropout.png,0.7864,16.296,181.385
hsvhash,images_variants/golden_bridge/blurred.png,0.7864,14.803,179.094
hsvhash,images_variants/golden_bridge/brightened.png,0.7864,16.53,196.486
hsvhash,images_variants/golden_bridge/darkened.png,0.7864,16.97,218.284
hsvhash,images_variants/golden_bridge/resized.png,0.1966,5.45,42.993
hsvhash,images_variants/golden_bridge/resized_up.png,3.1457,56.298,737.61
hsvhash,images_variants/golden_bridge/contrasted.png,0.7864,21.972,122.167
hsvhash,images_variants/golden_bridge/filtered.png,0.7864,16.567,130.695
hsvhash,images_variants/golden_bridge/channel_shifted.png,0.7864,17.796,115.821
hsvhash,images_variants/golden_bridge/cropped10.png,0.5037,19.934,98.938
hsvhash,images_variants/golden_bridge/cropped20.png,0.2835,10.696,53.733
hsvhash,images_variants/golden_bridge/cropped30.png,0.1256,5.251,19.748
hsvhash,images_variants/golden_bridge/quality_adjusted_20.jpg,0.7864,4.498,114.494
hsvhash,images_variants/golden_bridge/quality_adjusted_50.jpg,0.7864,5.191,175.406
hsvhash,images_variants/golden_bridge/quality_adjusted_80.jpg,0.7864,5.37,175.857
hsvhash,images/images.jpg,0.1998,2.161,41.43
hsvhash,images_variants/images/altered.png,0.1998,4.037,46.592
hsvhash,images_variants/images/grayscale.png,0.1998,3.073,37.341
hsvhash,images_variants/images/covered.png,0.1998,5.913,56.269
hsvhash,images_variants/images/dropout.png,0.1998,5.25,59.459
hsvhash,images_variants/images/blurred.png,0.1998,6.261,48.296
hsvhash,images_variants/images/brightened.png,0.1998,6.664,48.295
hsvhash,images_variants/images/darkened.png,0.1998,6.979,45.525
hsvhash,images_variants/images/resized.png,0.0497,2.504,11.591
hsvhash,images_variants/images/resized_up.png,0.7992,21.59,183.034
hsvhash,images_variants/images/contrasted.png,0.1998,7.401,48.827
hsvhash,images_variants/images/filtered.png,0.1998,7.704,47.493
hsvhash,images_variants/images/channel_shifted.png,0.1998,5.336,51.34
hsvhash,images_variants/images/cropped10.png,0.1282,4.771,28.261
hsvhash,images_variants/images/cropped20.png,0.0718,2.916,15.214
hsvhash,images_variants/images/cropped30.png,0.0317,1.901,8.145
hsvhash,images_variants/images/quality_adjusted_20.jpg,0.1998,0.948,37.559
hsvhash,images_variants/images/quality_adjusted_50.jpg,0.1998,1.027,38.949
hsvhash,images_variants/images/quality_adjusted_80.jpg,0.1998,1.274,47.205
hsvhash,images/IMG_5480-1-960x600.jpeg,0.576,3.413,117.259
hsvhash,images_variants/IMG_5480-1-960x600/altered.png,0.576,10.618,140.862
hsvhash,images_variants/IMG_5480-1-960x600/grayscale.png,0.576,8.457,109.407
hsvhash,images_variants/IMG_5480-1-960x600/covered.png,0.576,16.227,121.524
hsvhash,images_variants/IMG_5480-1-960x600/dropout.png,0.576,16.039,126.122
hsvhash,images_variants/IMG_5480-1-960x600/blurred.png,0.576,16.78,126.191
hsvhash,images_variants/IMG_5480-1-960x600/brightened.png,0.576,17.139,130.501
hsvhash,images_variants/IMG_5480-1-960x600/darkened.png,0.576,18.126,126.598
hsvhash,images_variants/IMG_5480-1-960x600/resized.png,0.144,6.705,27.683
hsvhash,images_variants/IMG_5480-1-960x600/resized_up.png,2.304,59.054,513.93
hsvhash,images_variants/IMG_5480-1-960x600/contrasted.png,0.576,12.617,128.453
hsvhash,images_variants/IMG_5480-1-960x600/filtered.png,0.576,16.48,137.941
hsvhash,images_variants/IMG_5480-1-960x600/channel_shifted.png,0.576,15.3,122.136
hsvhash,images_variants/IMG_5480-1-960x600/cropped10.png,0.3686,10.916,81.954
hsvhash,images_variants/IMG_5480-1-960x600/cropped20.png,0.2074,6.47,46.809
hsvhash,images_variants/IMG_5480-1-960x600/cropped30.png,0.0922,3.14,19.312
hsvhash,images_variants/IMG_5480-1-960x600/quality_adjusted_20.jpg,0.576,3.367,126.616
hsvhash,images_variants/IMG_5480-1-960x600/quality_adjusted_50.jpg,0.576,3.639,114.194
hsvhash,images_variants/IMG_5480-1-960x600/quality_adjusted_80.jpg,0.576,4.099,125.448
hsvhash,images/shiba-da-nang.png,0.2752,9.118,71.989
hsvhash,images_variants/shiba-da-nang/altered.png,0.2752,7.631,80.029
hsvhash,images_variants/shiba-da-nang/grayscale.png,0.2752,4.587,64.697
hsvhash,images_variants/shiba-da-nang/covered.png,0.2752,9.185,88.864
hsvhash,images_variants/shiba-da-nang/dropout.png,0.2752,9.273,77.105
hsvhash,images_variants/shiba-da-nang/blurred.png,0.2752,8.571,87.89
hsvhash,images_variants/shiba-da-nang/brightened.png,0.2752,8.704,96.37
hsvhash,images_variants/shiba-da-nang/darkened.png,0.2752,7.713,100.466
hsvhash,images_variants/shiba-da-nang/resized.png,0.0687,3.517,32.854
hsvhash,images_variants/shiba-da-nang/resized_up.png,1.1008,28.135,312.215
hsvhash,images_variants/shiba-da-nang/contrasted.png,0.2752,9.282,72.981
hsvhash,images_variants/shiba-da-nang/filtered.png,0.2752,10.717,74.397
hsvhash,images_variants/shiba-da-nang/channel_shifted.png,0.2752,9.738,75.72
hsvhash,images_variants/shiba-da-nang/cropped10.png,0.1763,6.386,48.369
hsvhash,images_variants/shiba-da-nang/cropped20.png,0.0992,4.327,28.208
hsvhash,images_variants/shiba-da-nang/cropped30.png,0.0441,2.267,13.264
hsvhash,images_variants/shiba-da-nang/quality_adjusted_20.jpg,0.2752,2.602,70.426
hsvhash,images_variants/shiba-da-nang/quality_adjusted_50.jpg,0.2752,2.038,64.108
hsvhash,images_variants/shiba-da-nang/quality_adjusted_80.jpg,0.2752,2.846,73.804
hsvhash,images/Shiba.jpg,0.308,4.599,88.379
hsvhash,images_variants/Shiba/altered.png,0.308,6.359,83.836
hsvhash,images_variants/Shiba/grayscale.png,0.308,2.73,60.975
hsvhash,images_variants/Shiba/covered.png,0.308,5.975,76.535
hsvhash,images_variants/Shiba/dropout.png,0.308,5.587,70.655
hsvhash,images_variants/Shiba/blurred.png,0.308,5.9,69.245
hsvhash,images_variants/Shiba/brightened.png,0.308,4.259,70.273
hsvhash,images_variants/Shiba/darkened.png,0.308,7.157,68.752
hsvhash,images_variants/Shiba/resized.png,0.0768,1.687,16.629
hsvhash,images_variants/Shiba/resized_up.png,1.2319,24.142,306.769
hsvhash,images_variants/Shiba/contrasted.png,0.308,7.822,85.812
hsvhash,images_variants/Shiba/filtered.png,0.308,6.418,104.867
hsvhash,images_variants/Shiba/channel_shifted.png,0.308,7.272,89.211
hsvhash,images_variants/Shiba/cropped10.png,0.1973,6.129,44.183
hsvhash,images_variants/Shiba/cropped20.png,0.1109,3.073,23.627
hsvhash,images_variants/Shiba/cropped30.png,0.0492,1.658,10.353
hsvhash,images_variants/Shiba/quality_adjusted_20.jpg,0.308,1.886,74.82
hsvhash,images_variants/Shiba/quality_adjusted_50.jpg,0.308,1.498,72.12
hsvhash,images_variants/Shiba/quality_adjusted_80.jpg,0.308,3.432,85.588
hsvhash,images/threecolorcorgi.jpg,0.1999,1.349,46.584
hsvhash,images_variants/threecolorcorgi/altered.png,0.1999,4.644,53.966
hsvhash,images_variants/threecolorcorgi/grayscale.png,0.1999,3.719,47.235
hsvhash,images_variants/threecolorcorgi/covered.png,0.1999,6.014,48.631
hsvhash,images_variants/threecolorcorgi/dropout.png,0.1999,5.549,44.8
hsvhash,images_variants/threecolorcorgi/blurred.png,0.1999,5.753,46.554
hsvhash,images_variants/threecolorcorgi/brightened.png,0.1999,6.371,45.32
hsvhash,images_variants/threecolorcorgi/darkened.png,0.1999,6.201,46.965
hsvhash,images_variants/threecolorcorgi/resized.png,0.0498,2.075,11.392
hsvhash,images_variants/threecolorcorgi/resized_up.png,0.7996,18.477,226.596
hsvhash,images_variants/threecolorcorgi/contrasted.png,0.1999,5.42,65.697
hsvhash,images_variants/threecolorcorgi/filtered.png,0.1999,5.928,49.824
hsvhash,images_variants/threecolorcorgi/channel_shifted.png,0.1999,5.299,41.133
hsvhash,images_variants/threecolorcorgi/cropped10.png,0.1278,3.947,29.17
hsvhash,images_variants/threecolorcorgi/cropped20.png,0.0719,3.014,14.026
hsvhash,images_variants/threecolorcorgi/cropped30.png,0.0322,2.011,7.733
hsvhash,images_variants/threecolorcorgi/quality_adjusted_20.jpg,0.1999,1.166,36.985
hsvhash,images_variants/threecolorcorgi/quality_adjusted_50.jpg,0.1999,1.3,40.691
hsvhash,images_variants/threecolorcorgi/quality_adjusted_80.jpg,0.1999,1.708,37.153
rhash,images/beach.jpg,0.5298,9.603,17.438
rhash,images_variants/beach/altered.png,0.5298,6.884,14.288
rhash,images_variants/beach/grayscale.png,0.5298,3.907,10.412
rhash,images_variants/beach/covered.png,0.5298,8.596,18.256
rhash,images_variants/beach/dropout.png,0.5298,9.549,22.575
rhash,images_variants/beach/blurred.png,0.5298,9.072,18.026
rhash,images_variants/beach/brightened.png,0.5298,9.286,18.489
rhash,images_variants/beach/darkened.png,0.5298,9.554,19.575
rhash,images_variants/beach/resized.png,0.1323,2.882,7.977
rhash,images_variants/beach/resized_up.png,2.1193,39.514,74.025
rhash,images_variants/beach/contrasted.png,0.5298,9.86,17.967
rhash,images_variants/beach/filtered.png,0.5298,8.537,15.947
rhash,images_variants/beach/channel_shifted.png,0.5298,9.372,19.754
rhash,images_variants/beach/cropped10.png,0.3387,6.582,12.255
rhash,images_variants/beach/cropped20.png,0.1905,3.319,8.197
rhash,images_variants/beach/cropped30.png,0.0847,1.926,4.754
rhash,images_variants/beach/quality_adjusted_20.jpg,0.5298,1.582,5.114
rhash,images_variants/beach/quality_adjusted_50.jpg,0.5298,1.891,6.376
rhash,images_variants/beach/quality_adjusted_80.jpg,0.5298,2.704,8.414
rhash,images/cho-shiba-mau-nau.png,0.712,15.085,30.539
rhash,images_variants/cho-shiba-mau-nau/altered.png,0.712,9.049,20.323
rhash,images_variants/cho-shiba-mau-nau/grayscale.png,0.712,6.977,16.111
rhash,images_variants/cho-shiba-mau-nau/covered.png,0.712,14.887,30.141
rhash,images_variants/cho-shiba-mau-nau/dropout.png,0.712,14.061,28.573
rhash,images_variants/cho-shiba-mau-nau/blurred.png,0.712,12.392,26.632
rhash,images_variants/cho-shiba-mau-nau/brightened.png,0.712,10.524,22.973
rhash,images_variants/cho-shiba-mau-nau/darkened.png,0.712,15.371,33.128
rhash,images_variants/cho-shiba-mau-nau/resized.png,0.178,4.424,11.323
rhash,images_variants/cho-shiba-mau-nau/resized_up.png,2.848,61.804,120.275
rhash,images_variants/cho-shiba-mau-nau/contrasted.png,0.712,17.127,31.508
rhash,images_variants/cho-shiba-mau-nau/filtered.png,0.712,10.915,21.108
rhash,images_variants/cho-shiba-mau-nau/channel_shifted.png,0.712,15.967,29.418
rhash,images_variants/cho-shiba-mau-nau/cropped10.png,0.4557,10.042,20.011
rhash,images_variants/cho-shiba-mau-nau/cropped20.png,0.2563,5.295,11.506
rhash,images_variants/cho-shiba-mau-nau/cropped30.png,0.1139,2.729,5.789
rhash,images_variants/cho-shiba-mau-nau/quality_adjusted_20.jpg,0.712,2.405,10.045
rhash,images_variants/cho-shiba-mau-nau/quality_adjusted_50.jpg,0.712,2.85,8.405
rhash,images_variants/cho-shiba-mau-nau/quality_adjusted_80.jpg,0.712,3.847,9.914
rhash,images/corgi.jpg,0.1997,1.051,3.636
rhash,images_variants/corgi/altered.png,0.1997,2.468,6.799
rhash,images_variants/corgi/grayscale.png,0.1997,1.74,5.295
rhash,images_variants/corgi/covered.png,0.1997,3.554,8.729
rhash,images_variants/corgi/dropout.png,0.1997,3.705,8.465
rhash,images_variants/corgi/blurred.png,0.1997,3.316,8.008
rhash,images_variants/corgi/brightened.png,0.1997,4.101,9.46
rhash,images_variants/corgi/darkened.png,0.1997,3.998,8.706
rhash,images_variants/corgi/resized.png,0.0498,1.278,4.547
rhash,images_variants/corgi/resized_up.png,0.7989,12.662,25.14
rhash,images_variants/corgi/contrasted.png,0.1997,5.065,10.069
rhash,images_variants/corgi/filtered.png,0.1997,4.793,10.758
rhash,images_variants/corgi/channel_shifted.png,0.1997,4.347,10.649
rhash,images_variants/corgi/cropped10.png,0.1277,2.652,7.422
rhash,images_variants/corgi/cropped20.png,0.0716,2.277,5.797
rhash,images_variants/corgi/cropped30.png,0.032,0.913,4.548
rhash,images_variants/corgi/quality_adjusted_20.jpg,0.1997,0.526,3.966
rhash,images_variants/corgi/quality_adjusted_50.jpg,0.1997,0.64,3.467
rhash,images_variants/corgi/quality_adjusted_80.jpg,0.1997,0.658,4.552
rhash,images/db10fa12e5d8164680ffd17b1b64fc1f.jpg,0.0505,0.598,4.512
rhash,images_variants/db10fa12e5d8164680ffd17b1b64fc1f/altered.png,0.0505,1.565,4.915
rhash,images_variants/db10fa12e5d8164680ffd17b1b64fc1f/grayscale.png,0.0505,0.872,3.705
rhash,images_variants/db10fa12e5d8164680ffd17b1b64fc1f/covered.png,0.0505,1.245,3.202
rhash,images_variants/db10fa12e5d8164680ffd17b1b64fc1f/dropout.png,0.0505,1.179,4.531
rhash,images_variants/db10fa12e5d8164680ffd17b1b64fc1f/blurred.png,0.0505,1.347,4.075
rhash,images_variants/db10fa12e5d8164680ffd17b1b64fc1f/brightened.png,0.0505,1.9,3.204
rhash,images_variants/db10fa12e5d8164680ffd17b1b64fc1f/darkened.png,0.0505,1.491,3.93
rhash,images_variants/db10fa12e5d8164680ffd17b1b64fc1f/resized.png,0.0126,1.713,3.028
rhash,images_variants/db10fa12e5d8164680ffd17b1b64fc1f/resized_up.png,0.2018,4.669,8.71
rhash,images_variants/db10fa12e5d8164680ffd17b1b64fc1f/contrasted.png,0.0505,1.978,3.535
rhash,images_variants/db10fa12e5d8164680ffd17b1b64fc1f/filtered.png,0.0505,1.467,4.381
rhash,images_variants/db10fa12e5d8164680ffd17b1b64fc1f/channel_shifted.png,0.0505,1.388,4.13
rhash,images_variants/db10fa12e5d8164680ffd17b1b64fc1f/cropped10.png,0.0323,1.305,2.995
rhash,images_variants/db10fa12e5d8164680ffd17b1b64fc1f/cropped20.png,0.0182,0.639,2.951
rhash,images_variants/db10fa12e5d8164680ffd17b1b64fc1f/cropped30.png,0.0081,0.413,1.835
rhash,images_variants/db10fa12e5d8164680ffd17b1b64fc1f/quality_adjusted_20.jpg,0.0505,0.328,2.466
rhash,images_variants/db10fa12e5d8164680ffd17b1b64fc1f/quality_adjusted_50.jpg,0.0505,0.309,2.11
rhash,images_variants/db10fa12e5d8164680ffd17b1b64fc1f/quality_adjusted_80.jpg,0.0505,0.332,2.21
rhash,images/dragon-bridge.png,0.4598,7.918,17.35
rhash,images_variants/dragon-bridge/altered.png,0.4598,6.338,13.358
rhash,images_variants/dragon-bridge/grayscale.png,0.4598,3.649,8.748
rhash,images_variants/dragon-bridge/covered.png,0.4598,8.86,17.286
rhash,images_variants/dragon-bridge/dropout.png,0.4598,7.639,17.78
rhash,images_variants/dragon-bridge/blurred.png,0.4598,7.898,16.652
rhash,images_variants/dragon-bridge/brightened.png,0.4598,8.526,18.322
rhash,images_variants/dragon-bridge/darkened.png,0.4598,9.183,17.21
rhash,images_variants/dragon-bridge/resized.png,0.115,2.575,6.04
rhash,images_variants/dragon-bridge/resized_up.png,1.8393,35.422,66.078
rhash,images_variants/dragon-bridge/contrasted.png,0.4598,8.99,16.441
rhash,images_variants/dragon-bridge/filtered.png,0.4598,7.414,15.453
rhash,images_variants/dragon-bridge/channel_shifted.png,0.4598,9.774,18.554
rhash,images_variants/dragon-bridge/cropped10.png,0.2942,8.21,13.626
rhash,images_variants/dragon-bridge/cropped20.png,0.1658,4.776,9.839
rhash,images_variants/dragon-bridge/cropped30.png,0.0734,2.576,5.979
rhash,images_variants/dragon-bridge/quality_adjusted_20.jpg,0.4598,3.277,8.502
rhash,images_variants/dragon-bridge/quality_adjusted_50.jpg,0.4598,3.3,5.784
rhash,images_variants/dragon-bridge/quality_adjusted_80.jpg,0.4598,4.598,5.989
rhash,images/golden_bridge.webp,0.7864,28.726,32.228
rhash,images_variants/golden_bridge/altered.png,0.7864,14.375,25.028
rhash,images_variants/golden_bridge/grayscale.png,0.7864,8.965,14.069
rhash,images_variants/golden_bridge/covered.png,0.7864,19.6,27.137
rhash,images_variants/golden_bridge/dropout.png,0.7864,16.296,26.055
rhash,images_variants/golden_bridge/blurred.png,0.7864,14.803,24.623
rhash,images_variants/golden_bridge/brightened.png,0.7864,16.53,26.517
rhash,images_variants/golden_bridge/darkened.png,0.7864,16.97,27.995
rhash,images_variants/golden_bridge/resized.png,0.1966,5.45,8.635
rhash,images_variants/golden_bridge/resized_up.png,3.1457,56.298,92.862
rhash,images_variants/golden_bridge/contrasted.png,0.7864,21.972,30.317
rhash,images_variants/golden_bridge/filtered.png,0.7864,16.567,27.903
rhash,images_variants/golden_bridge/channel_shifted.png,0.7864,17.796,28.463
rhash,images_variants/golden_bridge/cropped10.png,0.5037,19.934,19.56
rhash,images_variants/golden_bridge/cropped20.png,0.2835,10.696,12.645
rhash,images_variants/golden_bridge/cropped30.png,0.1256,5.251,7.935
rhash,images_variants/golden_bridge/quality_adjusted_20.jpg,0.7864,4.498,7.367
rhash,images_variants/golden_bridge/quality_adjusted_50.jpg,0.7864,5.191,8.248
rhash,images_variants/golden_bridge/quality_adjusted_80.jpg,0.7864,5.37,11.066
rhash,images/images.jpg,0.1998,2.161,4.083
rhash,images_variants/images/altered.png,0.1998,4.037,5.949
rhash,images_variants/images/grayscale.png,0.1998,3.073,4.507
rhash,images_variants/images/covered.png,0.1998,5.913,8.775
rhash,images_variants/images/dropout.png,0.1998,5.25,6.916
rhash,images_variants/images/blurred.png,0.1998,6.261,8.286
rhash,images_variants/images/brightened.png,0.1998,6.664,8.475
rhash,images_variants/images/darkened.png,0.1998,6.979,8.156
rhash,images_variants/images/resized.png,0.0497,2.504,3.325
rhash,images_variants/images/resized_up.png,0.7992,21.59,22.629
rhash,images_variants/images/contrasted.png,0.1998,7.401,7.954
rhash,images_variants/images/filtered.png,0.1998,7.704,9.383
rhash,images_variants/images/channel_shifted.png,0.1998,5.336,9.376
rhash,images_variants/images/cropped10.png,0.1282,4.771,5.624
rhash,images_variants/images/cropped20.png,0.0718,2.916,5.715
rhash,images_variants/images/cropped30.png,0.0317,1.901,4.51
rhash,images_variants/images/quality_adjusted_20.jpg,0.1998,0.948,4.867
rhash,images_variants/images/quality_adjusted_50.jpg,0.1998,1.027,5.039
rhash,images_variants/images/quality_adjusted_80.jpg,0.1998,1.274,3.669
rhash,images/IMG_5480-1-960x600.jpeg,0.576,3.413,6.544
rhash,images_variants/IMG_5480-1-960x600/altered.png,0.576,10.618,14.935
rhash,images_variants/IMG_5480-1-960x600/grayscale.png,0.576,8.457,9.71
rhash,images_variants/IMG_5480-1-960x600/covered.png,0.576,16.227,16.406
rhash,images_variants/IMG_5480-1-960x600/dropout.png,0.576,16.039,15.786
rhash,images_variants/IMG_5480-1-960x600/blurred.png,0.576,16.78,16.323
rhash,images_variants/IMG_5480-1-960x600/brightened.png,0.576,17.139,16.284
rhash,images_variants/IMG_5480-1-960x600/darkened.png,0.576,18.126,16.888
rhash,images_variants/IMG_5480-1-960x600/resized.png,0.144,6.705,7.995
rhash,images_variants/IMG_5480-1-960x600/resized_up.png,2.304,59.054,52.729
rhash,images_variants/IMG_5480-1-960x600/contrasted.png,0.576,12.617,15.52
rhash,images_variants/IMG_5480-1-960x600/filtered.png,0.576,16.48,19.21
rhash,images_variants/IMG_5480-1-960x600/channel_shifted.png,0.576,15.3,17.556
rhash,images_variants/IMG_5480-1-960x600/cropped10.png,0.3686,10.916,11.983
rhash,images_variants/IMG_5480-1-960x600/cropped20.png,0.2074,6.47,7.111
rhash,images_variants/IMG_5480-1-960x600/cropped30.png,0.0922,3.14,4.704
rhash,images_variants/IMG_5480-1-960x600/quality_adjusted_20.jpg,0.576,3.367,6.217
rhash,images_variants/IMG_5480-1-960x600/quality_adjusted_50.jpg,0.576,3.639,5.612
rhash,images_variants/IMG_5480-1-960x600/quality_adjusted_80.jpg,0.576,4.099,7.106
rhash,images/shiba-da-nang.png,0.2752,9.118,10.945
rhash,images_variants/shiba-da-nang/altered.png,0.2752,7.631,8.086
rhash,images_variants/shiba-da-nang/grayscale.png,0.2752,4.587,5.391
rhash,images_variants/shiba-da-nang/covered.png,0.2752,9.185,9.72
rhash,images_variants/shiba-da-nang/dropout.png,0.2752,9.273,10.607
rhash,images_variants/shiba-da-nang/blurred.png,0.2752,8.571,10.22
rhash,images_variants/shiba-da-nang/brightened.png,0.2752,8.704,10.395
rhash,images_variants/shiba-da-nang/darkened.png,0.2752,7.713,11.469
rhash,images_variants/shiba-da-nang/resized.png,0.0687,3.517,4.412
rhash,images_variants/shiba-da-nang/resized_up.png,1.1008,28.135,32.388
rhash,images_variants/shiba-da-nang/contrasted.png,0.2752,9.282,11.129
rhash,images_variants/shiba-da-nang/filtered.png,0.2752,10.717,11.436
rhash,images_variants/shiba-da-nang/channel_shifted.png,0.2752,9.738,14.197
rhash,images_variants/shiba-da-nang/cropped10.png,0.1763,6.386,7.924
rhash,images_variants/shiba-da-nang/cropped20.png,0.0992,4.327,5.551
rhash,images_variants/shiba-da-nang/cropped30.png,0.0441,2.267,3.466
rhash,images_variants/shiba-da-nang/quality_adjusted_20.jpg,0.2752,2.602,5.937
rhash,images_variants/shiba-da-nang/quality_adjusted_50.jpg,0.2752,2.038,4.831
rhash,images_variants/shiba-da-nang/quality_adjusted_80.jpg,0.2752,2.846,3.958
rhash,images/Shiba.jpg,0.308,4.599,6.42
rhash,images_variants/Shiba/altered.png,0.308,6.359,7.933
rhash,images_variants/Shiba/grayscale.png,0.308,2.73,4.513
rhash,images_variants/Shiba/covered.png,0.308,5.975,7.483
rhash,images_variants/Shiba/dropout.png,0.308,5.587,8.413
rhash,images_variants/Shiba/blurred.png,0.308,5.9,8.06
rhash,images_variants/Shiba/brightened.png,0.308,4.259,7.328
rhash,images_variants/Shiba/darkened.png,0.308,7.157,8.959
rhash,images_variants/Shiba/resized.png,0.0768,1.687,5.203
rhash,images_variants/Shiba/resized_up.png,1.2319,24.142,33.576
rhash,images_variants/Shiba/contrasted.png,0.308,7.822,8.958
rhash,images_variants/Shiba/filtered.png,0.308,6.418,6.889
rhash,images_variants/Shiba/channel_shifted.png,0.308,7.272,9.311
rhash,images_variants/Shiba/cropped10.png,0.1973,6.129,7.028
rhash,images_variants/Shiba/cropped20.png,0.1109,3.073,5.371
rhash,images_variants/Shiba/cropped30.png,0.0492,1.658,3.541
rhash,images_variants/Shiba/quality_adjusted_20.jpg,0.308,1.886,4.025
rhash,images_variants/Shiba/quality_adjusted_50.jpg,0.308,1.498,4.563
rhash,images_variants/Shiba/quality_adjusted_80.jpg,0.308,3.432,4.822
rhash,images/threecolorcorgi.jpg,0.1999,1.349,3.389
rhash,images_variants/threecolorcorgi/altered.png,0.1999,4.644,6.94
rhash,images_variants/threecolorcorgi/grayscale.png,0.1999,3.719,5.415
rhash,images_variants/threecolorcorgi/covered.png,0.1999,6.014,7.386
rhash,images_variants/threecolorcorgi/dropout.png,0.1999,5.549,8.251
rhash,images_variants/threecolorcorgi/blurred.png,0.1999,5.753,7.218
rhash,images_variants/threecolorcorgi/brightened.png,0.1999,6.371,9.078
rhash,images_variants/threecolorcorgi/darkened.png,0.1999,6.201,9.119
rhash,images_variants/threecolorcorgi/resized.png,0.0498,2.075,4.495
rhash,images_variants/threecolorcorgi/resized_up.png,0.7996,18.477,23.056
rhash,images_variants/threecolorcorgi/contrasted.png,0.1999,5.42,8.899
rhash,images_variants/threecolorcorgi/filtered.png,0.1999,5.928,8.631
rhash,images_variants/threecolorcorgi/channel_shifted.png,0.1999,5.299,8.674
rhash,images_variants/threecolorcorgi/cropped10.png,0.1278,3.947,6.108
rhash,images_variants/threecolorcorgi/cropped20.png,0.0719,3.014,4.389
rhash,images_variants/threecolorcorgi/cropped30.png,0.0322,2.011,5.36
rhash,images_variants/threecolorcorgi/quality_adjusted_20.jpg,0.1999,1.166,4.4
rhash,images_variants/threecolorcorgi/quality_adjusted_50.jpg,0.1999,1.3,3.376
rhash,images_variants/threecolorcorgi/quality_adjusted_80.jpg,0.1999,1.708,4.027
chash,images/beach.jpg,0.5298,9.603,18.02
chash,images_variants/beach/altered.png,0.5298,6.884,17.444
chash,images_variants/beach/grayscale.png,0.5298,3.907,11.559
chash,images_variants/beach/covered.png,0.5298,8.596,19.261
chash,images_variants/beach/dropout.png,0.5298,9.549,22.46
chash,images_variants/beach/blurred.png,0.5298,9.072,20.688
chash,images_variants/beach/brightened.png,0.5298,9.286,19.779
chash,images_variants/beach/darkened.png,0.5298,9.554,19.748
chash,images_variants/beach/resized.png,0.1323,2.882,6.058
chash,images_variants/beach/resized_up.png,2.1193,39.514,81.077
chash,images_variants/beach/contrasted.png,0.5298,9.86,20.053
chash,images_variants/beach/filtered.png,0.5298,8.537,18.141
chash,images_variants/beach/channel_shifted.png,0.5298,9.372,21.279
chash,images_variants/beach/cropped10.png,0.3387,6.582,15.113
chash,images_variants/beach/cropped20.png,0.1905,3.319,7.241
chash,images_variants/beach/cropped30.png,0.0847,1.926,4.614
chash,images_variants/beach/quality_adjusted_20.jpg,0.5298,1.582,9.841
chash,images_variants/beach/quality_adjusted_50.jpg,0.5298,1.891,8.75
chash,images_variants/beach/quality_adjusted_80.jpg,0.5298,2.704,10.217
chash,images/cho-shiba-mau-nau.png,0.712,15.085,32.482
chash,images_variants/cho-shiba-mau-nau/altered.png,0.712,9.049,22.128
chash,images_variants/cho-shiba-mau-nau/grayscale.png,0.712,6.977,20.312
chash,images_variants/cho-shiba-mau-nau/covered.png,0.712,14.887,31.373
chash,images_variants/cho-shiba-mau-nau/dropout.png,0.712,14.061,29.208
chash,images_variants/cho-shiba-mau-nau/blurred.png,0.712,12.392,26.758
chash,images_variants/cho-shiba-mau-nau/brightened.png,0.712,10.524,24.949
chash,images_variants/cho-shiba-mau-nau/darkened.png,0.712,15.371,32.897
chash,images_variants/cho-shiba-mau-nau/resized.png,0.178,4.424,9.627
chash,images_variants/cho-shiba-mau-nau/resized_up.png,2.848,61.804,130.409
chash,images_variants/cho-shiba-mau-nau/contrasted.png,0.712,17.127,33.094
chash,images_variants/cho-shiba-mau-nau/filtered.png,0.712,10.915,24.938
chash,images_variants/cho-shiba-mau-nau/channel_shifted.png,0.712,15.967,31.858
chash,images_variants/cho-shiba-mau-nau/cropped10.png,0.4557,10.042,20.857
chash,images_variants/cho-shiba-mau-nau/cropped20.png,0.2563,5.295,11.501
chash,images_variants/cho-shiba-mau-nau/cropped30.png,0.1139,2.729,6.306
chash,images_variants/cho-shiba-mau-nau/quality_adjusted_20.jpg,0.712,2.405,11.842
chash,images_variants/cho-shiba-mau-nau/quality_adjusted_50.jpg,0.712,2.85,12.327
chash,images_variants/cho-shiba-mau-nau/quality_adjusted_80.jpg,0.712,3.847,12.984
chash,images/corgi.jpg,0.1997,1.051,3.597
chash,images_variants/corgi/altered.png,0.1997,2.468,7.037
chash,images_variants/corgi/grayscale.png,0.1997,1.74,5.927
chash,images_variants/corgi/covered.png,0.1997,3.554,9.871
chash,images_variants/corgi/dropout.png,0.1997,3.705,9.162
chash,images_variants/corgi/blurred.png,0.1997,3.316,8.094
chash,images_variants/corgi/brightened.png,0.1997,4.101,8.54
chash,images_variants/corgi/darkened.png,0.1997,3.998,8.39
chash,images_variants/corgi/resized.png,0.0498,1.278,3.279
chash,images_variants/corgi/resized_up.png,0.7989,12.662,29.061
chash,images_variants/corgi/contrasted.png,0.1997,5.065,9.818
chash,images_variants/corgi/filtered.png,0.1997,4.793,9.754
chash,images_variants/corgi/channel_shifted.png,0.1997,4.347,8.418
chash,images_variants/corgi/cropped10.png,0.1277,2.652,7.486
chash,images_variants/corgi/cropped20.png,0.0716,2.277,3.688
chash,images_variants/corgi/cropped30.png,0.032,0.913,2.544
chash,images_variants/corgi/quality_adjusted_20.jpg,0.1997,0.526,3.322
chash,images_variants/corgi/quality_adjusted_50.jpg,0.1997,0.64,3.442
chash,images_variants/corgi/quality_adjusted_80.jpg,0.1997,0.658,3.785
chash,images/db10fa12e5d8164680ffd17b1b64fc1f.jpg,0.0505,0.598,1.763
chash,images_variants/db10fa12e5d8164680ffd17b1b64fc1f/altered.png,0.0505,1.565,3.662
chash,images_variants/db10fa12e5d8164680ffd17b1b64fc1f/grayscale.png,0.0505,0.872,2.111
chash,images_variants/db10fa12e5d8164680ffd17b1b64fc1f/covered.png,0.0505,1.245,3.168
chash,images_variants/db10fa12e5d8164680ffd17b1b64fc1f/dropout.png,0.0505,1.179,2.773
chash,images_variants/db10fa12e5d8164680ffd17b1b64fc1f/blurred.png,0.0505,1.347,2.81
chash,images_variants/db10fa12e5d8164680ffd17b1b64fc1f/brightened.png,0.0505,1.9,2.807
chash,images_variants/db10fa12e5d8164680ffd17b1b64fc1f/darkened.png,0.0505,1.491,3.181
chash,images_variants/db10fa12e5d8164680ffd17b1b64fc1f/resized.png,0.0126,1.713,1.574
chash,images_variants/db10fa12e5d8164680ffd17b1b64fc1f/resized_up.png,0.2018,4.669,9.539
chash,images_variants/db10fa12e5d8164680ffd17b1b64fc1f/contrasted.png,0.0505,1.978,4.049
chash,images_variants/db10fa12e5d8164680ffd17b1b64fc1f/filtered.png,0.0505,1.467,3.261
chash,images_variants/db10fa12e5d8164680ffd17b1b64fc1f/channel_shifted.png,0.0505,1.388,3.203
chash,images_variants/db10fa12e5d8164680ffd17b1b64fc1f/cropped10.png,0.0323,1.305,2.321
chash,images_variants/db10fa12e5d8164680ffd17b1b64fc1f/cropped20.png,0.0182,0.639,3.248
chash,images_variants/db10fa12e5d8164680ffd17b1b64fc1f/cropped30.png,0.0081,0.413,2.664
chash,images_variants/db10fa12e5d8164680ffd17b1b64fc1f/quality_adjusted_20.jpg,0.0505,0.328,2.762
chash,images_variants/db10fa12e5d8164680ffd17b1b64fc1f/quality_adjusted_50.jpg,0.0505,0.309,2.733
chash,images_variants/db10fa12e5d8164680ffd17b1b64fc1f/quality_adjusted_80.jpg,0.0505,0.332,2.238
chash,images/dragon-bridge.png,0.4598,7.918,20.967
chash,images_variants/dragon-bridge/altered.png,0.4598,6.338,19.373
chash,images_variants/dragon-bridge/grayscale.png,0.4598,3.649,16.592
chash,images_variants/dragon-bridge/covered.png,0.4598,8.86,26.958
chash,images_variants/dragon-bridge/dropout.png,0.4598,7.639,20.613
chash,images_variants/dragon-bridge/blurred.png,0.4598,7.898,20.49
chash,images_variants/dragon-bridge/brightened.png,0.4598,8.526,19.639
chash,images_variants/dragon-bridge/darkened.png,0.4598,9.183,20.736
chash,images_variants/dragon-bridge/resized.png,0.115,2.575,5.926
chash,images_variants/dragon-bridge/resized_up.png,1.8393,35.422,77.663
chash,images_variants/dragon-bridge/contrasted.png,0.4598,8.99,18.643
chash,images_variants/dragon-bridge/filtered.png,0.4598,7.414,16.756
chash,images_variants/dragon-bridge/channel_shifted.png,0.4598,9.774,19.489
chash,images_variants/dragon-bridge/cropped10.png,0.2942,8.21,14.611
chash,images_variants/dragon-bridge/cropped20.png,0.1658,4.776,8.173
chash,images_variants/dragon-bridge/cropped30.png,0.0734,2.576,3.991
chash,images_variants/dragon-bridge/quality_adjusted_20.jpg,0.4598,3.277,8.128
chash,images_variants/dragon-bridge/quality_adjusted_50.jpg,0.4598,3.3,9.272
chash,images_variants/dragon-bridge/quality_adjusted_80.jpg,0.4598,4.598,9.12
chash,images/golden_bridge.webp,0.7864,28.726,36.743
chash,images_variants/golden_bridge/altered.png,0.7864,14.375,25.408
chash,images_variants/golden_bridge/grayscale.png,0.7864,8.965,18.682
chash,images_variants/golden_bridge/covered.png,0.7864,19.6,29.336
chash,images_variants/golden_bridge/dropout.png,0.7864,16.296,30.065
chash,images_variants/golden_bridge/blurred.png,0.7864,14.803,28.544
chash,images_variants/golden_bridge/brightened.png,0.7864,16.53,33.169
chash,images_variants/golden_bridge/darkened.png,0.7864,16.97,30.953
chash,images_variants/golden_bridge/resized.png,0.1966,5.45,8.84
chash,images_variants/golden_bridge/resized_up.png,3.1457,56.298,117.245
chash,images_variants/golden_bridge/contrasted.png,0.7864,21.972,32.882
chash,images_variants/golden_bridge/filtered.png,0.7864,16.567,31.119
chash,images_variants/golden_bridge/channel_shifted.png,0.7864,17.796,34.076
chash,images_variants/golden_bridge/cropped10.png,0.5037,19.934,21.505
chash,images_variants/golden_bridge/cropped20.png,0.2835,10.696,13.095
chash,images_variants/golden_bridge/cropped30.png,0.1256,5.251,6.787
chash,images_variants/golden_bridge/quality_adjusted_20.jpg,0.7864,4.498,12.259
chash,images_variants/golden_bridge/quality_adjusted_50.jpg,0.7864,5.191,13.309
chash,images_variants/golden_bridge/quality_adjusted_80.jpg,0.7864,5.37,13.723
chash,images/images.jpg,0.1998,2.161,3.736
chash,images_variants/images/altered.png,0.1998,4.037,6.897
chash,images_variants/images/grayscale.png,0.1998,3.073,5.011
chash,images_variants/images/covered.png,0.1998,5.913,7.995
chash,images_variants/images/dropout.png,0.1998,5.25,7.978
chash,images_variants/images/blurred.png,0.1998,6.261,9.406
chash,images_variants/images/brightened.png,0.1998,6.664,8.546
chash,images_variants/images/darkened.png,0.1998,6.979,8.049
chash,images_variants/images/resized.png,0.0497,2.504,3.45
chash,images_variants/images/resized_up.png,0.7992,21.59,27.794
chash,images_variants/images/contrasted.png,0.1998,7.401,9.406
chash,images_variants/images/filtered.png,0.1998,7.704,9.204
chash,images_variants/images/channel_shifted.png,0.1998,5.336,8.728
chash,images_variants/images/cropped10.png,0.1282,4.771,6.809
chash,images_variants/images/cropped20.png,0.0718,2.916,3.989
chash,images_variants/images/cropped30.png,0.0317,1.901,2.399
chash,images_variants/images/quality_adjusted_20.jpg,0.1998,0.948,3.37
chash,images_variants/images/quality_adjusted_50.jpg,0.1998,1.027,2.925
chash,images_variants/images/quality_adjusted_80.jpg,0.1998,1.274,3.833
chash,images/IMG_5480-1-960x600.jpeg,0.576,3.413,8.762
chash,images_variants/IMG_5480-1-960x600/altered.png,0.576,10.618,16.36
chash,images_variants/IMG_5480-1-960x600/grayscale.png,0.576,8.457,12.707
chash,images_variants/IMG_5480-1-960x600/covered.png,0.576,16.227,19.406
chash,images_variants/IMG_5480-1-960x600/dropout.png,0.576,16.039,18.097
chash,images_variants/IMG_5480-1-960x600/blurred.png,0.576,16.78,18.586
chash,images_variants/IMG_5480-1-960x600/brightened.png,0.576,17.139,19.512
chash,images_variants/IMG_5480-1-960x600/darkened.png,0.576,18.126,18.801
chash,images_variants/IMG_5480-1-960x600/resized.png,0.144,6.705,6.01
chash,images_variants/IMG_5480-1-960x600/resized_up.png,2.304,59.054,67.411
chash,images_variants/IMG_5480-1-960x600/contrasted.png,0.576,12.617,19.109
chash,images_variants/IMG_5480-1-960x600/filtered.png,0.576,16.48,21.941
chash,images_variants/IMG_5480-1-960x600/channel_shifted.png,0.576,15.3,20.732
chash,images_variants/IMG_5480-1-960x600/cropped10.png,0.3686,10.916,14.835
chash,images_variants/IMG_5480-1-960x600/cropped20.png,0.2074,6.47,8.331
chash,images_variants/IMG_5480-1-960x600/cropped30.png,0.0922,3.14,4.27
chash,images_variants/IMG_5480-1-960x600/quality_adjusted_20.jpg,0.576,3.367,9.218
chash,images_variants/IMG_5480-1-960x600/quality_adjusted_50.jpg,0.576,3.639,9.272
chash,images_variants/IMG_5480-1-960x600/quality_adjusted_80.jpg,0.576,4.099,9.949
chash,images/shiba-da-nang.png,0.2752,9.118,11.941
chash,images_variants/shiba-da-nang/altered.png,0.2752,7.631,10.994
chash,images_variants/shiba-da-nang/grayscale.png,0.2752,4.587,6.886
chash,images_variants/shiba-da-nang/covered.png,0.2752,9.185,12.142
chash,images_variants/shiba-da-nang/dropout.png,0.2752,9.273,11.366
chash,images_variants/shiba-da-nang/blurred.png,0.2752,8.571,11.417
chash,images_variants/shiba-da-nang/brightened.png,0.2752,8.704,11.982
chash,images_variants/shiba-da-nang/darkened.png,0.2752,7.713,11.705
chash,images_variants/shiba-da-nang/resized.png,0.0687,3.517,4.342
chash,images_variants/shiba-da-nang/resized_up.png,1.1008,28.135,37.381
chash,images_variants/shiba-da-nang/contrasted.png,0.2752,9.282,12.842
chash,images_variants/shiba-da-nang/filtered.png,0.2752,10.717,13.683
chash,images_variants/shiba-da-nang/channel_shifted.png,0.2752,9.738,12.117
chash,images_variants/shiba-da-nang/cropped10.png,0.1763,6.386,8.953
chash,images_variants/shiba-da-nang/cropped20.png,0.0992,4.327,5.632
chash,images_variants/shiba-da-nang/cropped30.png,0.0441,2.267,2.695
chash,images_variants/shiba-da-nang/quality_adjusted_20.jpg,0.2752,2.602,5.791
chash,images_variants/shiba-da-nang/quality_adjusted_50.jpg,0.2752,2.038,6.844
chash,images_variants/shiba-da-nang/quality_adjusted_80.jpg,0.2752,2.846,6.351
chash,images/Shiba.jpg,0.308,4.599,8.545
chash,images_variants/Shiba/altered.png,0.308,6.359,10.342
chash,images_variants/Shiba/grayscale.png,0.308,2.73,6.662
chash,images_variants/Shiba/covered.png,0.308,5.975,9.267
chash,images_variants/Shiba/dropout.png,0.308,5.587,10.26
chash,images_variants/Shiba/blurred.png,0.308,5.9,10.797
chash,images_variants/Shiba/brightened.png,0.308,4.259,8.321
chash,images_variants/Shiba/darkened.png,0.308,7.157,10.288
chash,images_variants/Shiba/resized.png,0.0768,1.687,3.389
chash,images_variants/Shiba/resized_up.png,1.2319,24.142,41.237
chash,images_variants/Shiba/contrasted.png,0.308,7.822,11.1
chash,images_variants/Shiba/filtered.png,0.308,6.418,12.019
chash,images_variants/Shiba/channel_shifted.png,0.308,7.272,13.637
chash,images_variants/Shiba/cropped10.png,0.1973,6.129,8.318
chash,images_variants/Shiba/cropped20.png,0.1109,3.073,5.642
chash,images_variants/Shiba/cropped30.png,0.0492,1.658,3.65
chash,images_variants/Shiba/quality_adjusted_20.jpg,0.308,1.886,6.157
chash,images_variants/Shiba/quality_adjusted_50.jpg,0.308,1.498,5.848
chash,images_variants/Shiba/quality_adjusted_80.jpg,0.308,3.432,5.682
chash,images/threecolorcorgi.jpg,0.1999,1.349,4.804
chash,images_variants/threecolorcorgi/altered.png,0.1999,4.644,6.686
chash,images_variants/threecolorcorgi/grayscale.png,0.1999,3.719,7.012
chash,images_variants/threecolorcorgi/covered.png,0.1999,6.014,10.424
chash,images_variants/threecolorcorgi/dropout.png,0.1999,5.549,10.061
chash,images_variants/threecolorcorgi/blurred.png,0.1999,5.753,7.517
chash,images_variants/threecolorcorgi/brightened.png,0.1999,6.371,9.013
chash,images_variants/threecolorcorgi/darkened.png,0.1999,6.201,8.516
chash,images_variants/threecolorcorgi/resized.png,0.0498,2.075,3.359
chash,images_variants/threecolorcorgi/resized_up.png,0.7996,18.477,30.735
chash,images_variants/threecolorcorgi/contrasted.png,0.1999,5.42,9.285
chash,images_variants/threecolorcorgi/filtered.png,0.1999,5.928,10.26
chash,images_variants/threecolorcorgi/channel_shifted.png,0.1999,5.299,10.046
chash,images_variants/threecolorcorgi/cropped10.png,0.1278,3.947,6.942
chash,images_variants/threecolorcorgi/cropped20.png,0.0719,3.014,4.401
chash,images_variants/threecolorcorgi/cropped30.png,0.0322,2.011,2.621
chash,images_variants/threecolorcorgi/quality_adjusted_20.jpg,0.1999,1.166,4.047
chash,images_variants/threecolorcorgi/quality_adjusted_50.jpg,0.1999,1.3,3.253
chash,images_variants/threecolorcorgi/quality_adjusted_80.jpg,0.1999,1.708,4.623
